congress,chamber,icpsr,state_icpsr,district_code,state_abbrev,party_code,Averages,last_means,bioname,bioguide_id,born,died,nominate_dim1,nominate_dim2,nominate_log_likelihood,nominate_geo_mean_probability,nominate_number_of_votes,nominate_number_of_errors,conditional,nokken_poole_dim1,nokken_poole_dim2
114,House,20301,41,3,AL,200,0.916925466,1,"ROGERS, Mike Dennis",R000575,1958,,0.353,0.459,-135.52788,0.88398,1099,61,,0.389,0.33
114,House,21102,41,7,AL,100,0.836276083,1,"SEWELL, Terri",S001185,1965,,-0.391,0.402,-178.74758,0.84509,1062,86,,-0.398,0.437
114,House,21192,41,2,AL,200,0.937839938,1,"ROBY, Martha",R000591,1976,,0.361,0.657,-91.97689,0.91943,1095,33,,0.398,0.707
114,House,21193,41,5,AL,200,0.858778626,1,"BROOKS, Mo",B001274,1954,,0.647,-0.447,-265.48417,0.78863,1118,103,,0.919,-0.395
114,House,21376,41,1,AL,200,0.93754879,1,"BYRNE, Bradley",B001289,1955,,0.612,0.242,-119.99487,0.89647,1098,48,,0.518,0.253
114,House,21500,41,6,AL,200,0.913439636,1,"PALMER, Gary James",P000609,1954,,0.71,-0.047,-108.14493,0.90796,1120,40,,0.782,-0.16
114,House,29701,41,4,AL,200,0.924615385,1,"ADERHOLT, Robert",A000055,1965,,0.367,0.594,-102.40252,0.91195,1111,41,,0.399,0.917
114,House,14066,81,1,AK,200,0.905144695,1,"YOUNG, Donald Edwin",Y000033,1933,,0.284,0.021,-171.36489,0.84929,1049,72,,0.291,0.205
114,House,20304,61,8,AZ,200,0.930577223,1,"FRANKS, Trent",F000448,1957,,0.749,0.087,-125.06434,0.89197,1094,45,,0.694,-0.044
114,House,20305,61,3,AZ,100,0.870646766,1,"GRIJALVA, Raúl M.",G000551,1948,,-0.599,-0.256,-91.55163,0.91658,1051,35,,-0.765,-0.442
114,House,20902,61,1,AZ,100,0.807852966,1,"KIRKPATRICK, Ann",K000368,1950,,-0.163,-0.005,-259.67893,0.77772,1033,120,,-0.25,0.173
114,House,21103,61,4,AZ,200,0.884069401,1,"GOSAR, Paul",G000565,1958,,0.676,-0.419,-154.9767,0.86667,1083,60,,0.762,-0.519
114,House,21105,61,6,AZ,200,0.914569031,1,"SCHWEIKERT, David",S001183,1962,,0.59,-0.325,-132.66684,0.8882,1119,53,,0.629,-0.393
114,House,21300,61,9,AZ,100,0.690681284,1,"SINEMA, Kyrsten",S001191,1976,,-0.102,0.059,-403.16658,0.69011,1087,181,,-0.11,0.135
114,House,21501,61,2,AZ,200,0.915279879,1,"McSALLY, Martha",M001197,1966,,0.345,0.024,-199.44169,0.83754,1125,94,,0.321,0.006
114,House,21502,61,7,AZ,100,0.885145482,1,"GALLEGO, Ruben",G000574,1979,,-0.452,-0.02,-79.48693,0.93089,1110,27,,-0.483,-0.013
114,House,29500,61,5,AZ,200,0.909727626,1,"SALMON, Matthew James",S000018,1958,,0.673,-0.272,-162.72287,0.862,1092,62,,0.637,-0.32
114,House,21106,42,1,AR,200,0.9375,1,"CRAWFORD, Rick",C001087,1966,,0.409,0.494,-98.42316,0.91313,1083,35,,0.432,0.364
114,House,21108,42,3,AR,200,0.941754917,1,"WOMACK, Steve",W000809,1957,,0.354,0.59,-65.61497,0.94334,1125,20,,0.346,0.838
114,House,21503,42,2,AR,200,0.932216299,1,"HILL, French",H001072,1956,,0.454,0.233,-115.17353,0.90236,1121,50,,0.466,0.177
114,House,21563,42,4,AR,200,0.945371775,1,"WESTERMAN, Bruce Eugene",W000821,1967,,0.549,0.35,-78.29726,0.9326,1122,31,,0.526,0.423
114,House,15448,71,12,CA,100,1,1,"PELOSI, Nancy",P000197,1940,,-0.49,-0.206,-64.16498,0.94006,1038,23,,-0.499,-0.001
114,House,15621,71,48,CA,200,0.898713826,1,"ROHRABACHER, Dana",R000409,1947,,0.626,-0.417,-166.27484,0.85995,1102,74,,0.612,-0.501
114,House,20103,71,17,CA,100,0.87,1,"HONDA, Mike",H001034,1941,,-0.529,-0.482,-57.09059,0.95,1113,27,,-0.528,-0.6
114,House,20104,71,28,CA,100,0.88863463,1,"SCHIFF, Adam",S001150,1960,,-0.349,-0.128,-84.03852,0.92752,1117,28,,-0.409,-0.052
114,House,20107,71,49,CA,200,0.934681182,1,"ISSA, Darrell",I000056,1953,,0.506,-0.085,-139.76195,0.87924,1086,60,,0.501,-0.115
114,House,20108,71,53,CA,100,0.877286585,1,"DAVIS, Susan A.",D000598,1944,,-0.344,-0.106,-96.35521,0.91742,1118,33,,-0.384,0.071
114,House,20307,71,22,CA,200,0.949165402,1,"NUNES, Devin",N000181,1973,,0.449,0.214,-106.39944,0.9096,1123,46,,0.335,0.626
114,House,20310,71,38,CA,100,0.882854926,1,"SÁNCHEZ, Linda T.",S001156,1969,,-0.508,-0.137,-61.63846,0.94565,1103,29,,-0.507,-0.115
114,House,20501,71,16,CA,100,0.684500393,1,"COSTA, Jim",C001059,1952,,-0.191,0.467,-417.12015,0.68035,1083,215,,-0.149,0.348
114,House,20538,71,6,CA,100,0.878234399,1,"MATSUI, Doris",M001163,1944,,-0.434,-0.161,-69.16367,0.93991,1116,27,,-0.433,-0.099
114,House,20702,71,9,CA,100,0.874903475,1,"McNERNEY, Jerry",M001166,1951,,-0.261,-0.15,-135.47915,0.88451,1104,45,,-0.346,-0.114
114,House,20703,71,23,CA,200,1,1,"MCCARTHY, Kevin",M001165,1965,,0.459,0.211,-84.7962,0.92652,1111,41,,0.475,0.363
114,House,20762,71,14,CA,100,0.879576892,1,"SPEIER, Karen Lorraine Jacqueline (Jackie)",S001175,1950,,-0.381,-0.447,-89.90262,0.91688,1036,45,,-0.405,-0.311
114,House,20903,71,4,CA,200,0.903495441,1,"McCLINTOCK, Tom",M001177,1956,,0.719,-0.473,-123.90694,0.89536,1121,47,,0.711,-0.481
114,House,20955,71,27,CA,100,0.882911392,1,"CHU, Judy",C001080,1953,,-0.486,-0.378,-51.79683,0.95279,1071,23,,-0.501,-0.342
114,House,20958,71,3,CA,100,0.849960723,1,"GARAMENDI, John",G000559,1945,,-0.309,-0.095,-162.64032,0.86044,1082,59,,-0.289,-0.017
114,House,20963,71,50,CA,200,0.933897002,1,"HUNTER, Duncan Duane",H001048,1976,,0.539,0.085,-133.77429,0.88694,1115,62,,0.496,0.133
114,House,21109,71,10,CA,200,0.90617849,1,"DENHAM, Jeff",D000612,1967,,0.306,0.212,-166.05767,0.86186,1117,76,,0.26,0.182
114,House,21110,71,37,CA,100,0.873553719,1,"BASS, Karen",B001270,1953,,-0.585,-0.106,-91.04451,0.91501,1025,43,,-0.61,-0.057
114,House,21195,71,44,CA,100,0.86935867,1,"HAHN, Janice",H001063,1952,,-0.39,-0.376,-83.71876,0.926,1089,38,,-0.342,-0.364
114,House,21302,71,1,CA,200,0.951975213,1,"LaMALFA, Doug",L000578,1960,,0.537,0.105,-109.50187,0.90549,1103,37,,0.556,0.025
114,House,21303,71,2,CA,100,0.872389791,1,"HUFFMAN, Jared",H001068,1964,,-0.426,-0.544,-83.54065,0.92731,1107,41,,-0.442,-0.474
114,House,21304,71,7,CA,100,0.831168831,1,"BERA, Ami",B001287,1965,,-0.232,0.014,-170.40067,0.85757,1109,75,,-0.248,0.031
114,House,21305,71,8,CA,200,0.946882217,1,"COOK, Paul",C001094,1943,,0.376,0.204,-112.28318,0.90338,1105,47,,0.39,0.266
114,House,21306,71,15,CA,100,0.867658575,1,"SWALWELL, Eric",S001193,1980,,-0.368,-0.105,-93.3027,0.91745,1083,46,,-0.36,-0.139
114,House,21307,71,21,CA,200,0.913242009,1,"VALADAO, David G.",V000129,1977,,0.253,0.411,-111.94658,0.90504,1122,52,,0.256,0.347
114,House,21308,71,26,CA,100,0.839421613,1,"BROWNLEY, Julia",B001285,1952,,-0.286,0.051,-151.53017,0.87335,1119,77,,-0.276,0.05
114,House,21309,71,29,CA,100,0.874183007,1,"CÁRDENAS, Tony",C001097,1963,,-0.383,0.021,-111.32829,0.89802,1035,44,,-0.361,-0.095
114,House,21311,71,36,CA,100,0.841194969,1,"RUIZ, Raul",R000599,1972,,-0.242,0.063,-167.37754,0.85643,1080,61,,-0.289,0.136
114,House,21312,71,41,CA,100,0.878511769,1,"TAKANO, Mark",T000472,1960,,-0.462,-0.262,-87.16762,0.92544,1125,36,,-0.495,-0.271
114,House,21313,71,47,CA,100,0.880699088,1,"LOWENTHAL, Alan",L000579,1941,,-0.45,-0.372,-73.6313,0.93632,1119,27,,-0.397,-0.41
114,House,21314,71,51,CA,100,0.861620795,1,"VARGAS, Juan",V000130,1961,,-0.399,0.104,-132.24333,0.88835,1117,60,,-0.352,0.014
114,House,21315,71,52,CA,100,0.80291411,1,"PETERS, Scott",P000608,1958,,-0.179,-0.047,-235.56617,0.80848,1108,113,,-0.199,0.009
114,House,21504,71,11,CA,100,0.880825057,1,"DESAULNIER, Mark James",D000623,1952,,-0.529,-0.359,-66.82379,0.94168,1112,31,,-0.491,-0.269
114,House,21505,71,25,CA,200,0.940092166,1,"KNIGHT, Steve",K000387,1966,,0.397,0.188,-119.03516,0.89848,1112,50,,0.446,0.118
114,House,21506,71,31,CA,100,0.822239624,1,"AGUILAR, Peter Rey",A000371,1979,,-0.291,0.135,-168.27092,0.85695,1090,82,,-0.266,0.124
114,House,21507,71,33,CA,100,0.879310345,1,"LIEU, Ted",L000582,1969,,-0.371,-0.264,-101.5708,0.90566,1025,43,,-0.324,-0.494
114,House,21508,71,35,CA,100,0.868400918,1,"TORRES, Norma Judith",T000474,1965,,-0.361,0.021,-106.05249,0.90904,1112,46,,-0.368,0.042
114,House,21509,71,45,CA,200,0.95035461,1,"WALTERS, Mimi",W000820,1962,,0.433,0.177,-109.89569,0.90393,1088,42,,0.39,0.238
114,House,29106,71,43,CA,100,0.870065789,1,"WATERS, Maxine",W000187,1938,,-0.653,-0.072,-99.50195,0.90859,1038,39,,-0.571,-0.12
114,House,29312,71,18,CA,100,0.882126348,1,"ESHOO, Anna Georges",E000215,1942,,-0.381,-0.427,-77.56761,0.93209,1103,38,,-0.374,-0.297
114,House,29313,71,20,CA,100,0.878184713,1,"FARR, Sam",F000030,1941,,-0.455,-0.219,-107.70226,0.904,1067,46,,-0.494,-0.141
114,House,29316,71,34,CA,100,0.886507937,1,"BECERRA, Xavier",B000287,1958,,-0.512,-0.283,-79.99934,0.92783,1068,34,,-0.485,-0.456
114,House,29317,71,40,CA,100,0.884526559,1,"ROYBAL-ALLARD, Lucille",R000486,1941,,-0.47,-0.189,-58.70883,0.94853,1111,28,,-0.518,-0.046
114,House,29321,71,39,CA,200,0.93740458,1,"ROYCE, Edward Randall",R000487,1951,,0.657,-0.353,-199.56944,0.83598,1114,81,,0.485,-0.2
114,House,29323,71,42,CA,200,0.935632184,1,"CALVERT, Ken",C000059,1953,,0.349,0.219,-95.07066,0.91813,1113,28,,0.296,0.48
114,House,29504,71,19,CA,100,0.868654311,1,"LOFGREN, Zoe",L000397,1947,,-0.402,-0.446,-110.60738,0.89975,1047,50,,-0.409,-0.393
114,House,29707,71,30,CA,100,0.86631016,1,"SHERMAN, Brad",S000344,1954,,-0.342,-0.147,-143.58927,0.87937,1117,51,,-0.347,-0.017
114,House,29709,71,46,CA,100,0.886639676,1,"SANCHEZ, Loretta",S000030,1960,,-0.367,0.025,-108.19825,0.879,841,48,,-0.36,0.072
114,House,29774,71,24,CA,100,0.88202692,1,"CAPPS, Lois",C001036,1938,,-0.389,-0.227,-81.8492,0.927,1077,26,,-0.374,-0.219
114,House,29778,71,13,CA,100,0.867720466,1,"LEE, Barbara",L000551,1946,,-0.682,-0.588,-48.55496,0.95421,1036,16,,-0.638,-0.718
114,House,29901,71,5,CA,100,0.871017871,1,"THOMPSON, Michael",T000460,1951,,-0.395,0.065,-105.76753,0.9072,1086,44,,-0.368,-0.122
114,House,29903,71,32,CA,100,0.887569279,1,"NAPOLITANO, Grace Flores",N000179,1936,,-0.448,-0.249,-68.56796,0.93843,1079,24,,-0.545,-0.137
114,House,20704,62,5,CO,200,0.943102104,1,"LAMBORN, Doug",L000564,1954,,0.678,0.203,-76.28053,0.93247,1091,30,,0.653,0.231
114,House,20705,62,7,CO,100,0.858832808,1,"PERLMUTTER, Ed",P000593,1953,,-0.281,0.076,-155.37458,0.86658,1085,63,,-0.315,0.032
114,House,20904,62,2,CO,100,0.834482759,1,"POLIS, Jared",P000598,1975,,-0.278,-0.692,-208.88905,0.82832,1109,84,,-0.254,-0.967
114,House,20906,62,6,CO,200,0.921553694,1,"COFFMAN, Mike",C001077,1955,,0.492,-0.213,-187.53988,0.8457,1119,71,,0.461,-0.237
114,House,21111,62,3,CO,200,0.926605505,1,"TIPTON, Scott",T000470,1956,,0.447,-0.02,-133.05322,0.8878,1118,73,,0.526,-0.082
114,House,21510,62,4,CO,200,0.884737679,1,"BUCK, Kenneth Robert",B001297,1959,,0.755,-0.457,-136.83003,0.87922,1063,61,,0.729,-0.521
114,House,29710,62,1,CO,100,0.887442573,1,"DeGETTE, Diana",D000197,1957,,-0.432,-0.315,-80.61509,0.93025,1115,33,,-0.429,-0.171
114,House,20706,1,2,CT,100,0.863149847,1,"COURTNEY, Joe",C001069,1953,,-0.344,0.016,-109.21607,0.90637,1111,45,,-0.331,-0.007
114,House,20907,1,4,CT,100,0.851795264,1,"HIMES, James A.",H001047,1966,,-0.242,-0.24,-154.34729,0.8704,1112,65,,-0.26,-0.207
114,House,21316,1,5,CT,100,0.867021277,1,"ESTY, Elizabeth",E000293,1959,,-0.315,-0.078,-102.61756,0.91237,1119,39,,-0.312,-0.09
114,House,29109,1,3,CT,100,0.883556255,1,"DeLAURO, Rosa L.",D000216,1943,,-0.416,-0.12,-82.96201,0.92586,1077,27,,-0.424,-0.075
114,House,29908,1,1,CT,100,0.874901652,1,"LARSON, John B.",L000557,1948,,-0.398,-0.053,-106.9055,0.90534,1075,44,,-0.368,-0.049
114,House,21113,11,1,DE,100,0.852369852,1,"CARNEY, John C., Jr.",C001083,1956,,-0.256,-0.142,-141.76971,0.879,1100,57,,-0.275,-0.117
114,House,15634,43,27,FL,200,0.845509893,1,"ROS-LEHTINEN, Ileana",R000435,1952,,0.244,-0.225,-263.13497,0.78861,1108,135,,0.204,-0.142
114,House,20110,43,1,FL,200,0.93754879,1,"MILLER, Jefferson B. (Jeff)",M001144,1959,,0.633,0.155,-89.73545,0.921,1089,45,,0.618,0.059
114,House,20111,43,4,FL,200,0.936006168,1,"CRENSHAW, Ander",C001045,1944,,0.333,0.337,-89.92786,0.922,1109,23,,0.303,0.618
114,House,20316,43,25,FL,200,0.907894737,1,"DIAZ-BALART, Mario",D000600,1961,,0.278,0.119,-146.72141,0.87524,1101,52,,0.227,0.257
114,House,20504,43,23,FL,100,0.87888707,1,"WASSERMAN SCHULTZ, Debbie",W000797,1966,,-0.421,0.068,-84.80023,0.92133,1035,33,,-0.467,0.118
114,House,20708,43,14,FL,100,0.872670807,1,"CASTOR, Kathy",C001066,1966,,-0.438,0.046,-86.33109,0.92425,1096,43,,-0.429,-0.016
114,House,20709,43,16,FL,200,0.905872888,1,"BUCHANAN, Vernon G.",B001260,1951,,0.359,-0.135,-191.4797,0.83516,1063,83,,0.369,-0.16
114,House,20758,43,12,FL,200,0.949695122,1,"BILIRAKIS, Gus",B001257,1963,,0.405,0.016,-132.94021,0.88789,1118,57,,0.519,-0.007
114,House,20908,43,9,FL,100,0.855015674,1,"GRAYSON, Alan",G000556,1958,,-0.363,-0.457,-179.64887,0.849,1099,63,,-0.333,-0.597
114,House,20909,43,8,FL,200,0.908745247,1,"POSEY, Bill",P000599,1947,,0.517,-0.32,-204.72865,0.83308,1121,75,,0.601,-0.394
114,House,20910,43,17,FL,200,0.920318725,1,"ROONEY, Thomas J.",R000583,1970,,0.458,0.013,-134.07825,0.88305,1078,75,,0.458,0.061
114,House,20959,43,21,FL,100,0.879807692,1,"DEUTCH, Theodore E. (Ted)",D000610,1966,,-0.4,-0.096,-83.31878,0.92441,1060,30,,-0.428,-0.021
114,House,21115,43,11,FL,200,0.924610052,1,"NUGENT, Richard",N000185,1951,,0.483,0.077,-157.24613,0.851,973,75,,0.463,-0.073
114,House,21116,43,10,FL,200,0.945281523,1,"WEBSTER, Daniel A.",W000806,1949,,0.509,-0.048,-133.85021,0.8821,1067,49,,0.499,0.085
114,House,21117,43,15,FL,200,0.941673062,1,"ROSS, Dennis",R000593,1959,,0.531,0.099,-110.46737,0.90519,1109,42,,0.49,0.239
114,House,21118,43,24,FL,100,0.882882883,1,"WILSON, Frederica",W000808,1942,,-0.476,-0.015,-73.28117,0.93203,1041,28,,-0.509,0.05
114,House,21317,43,3,FL,200,0.892555641,1,"YOHO, Ted",Y000065,1955,,0.704,-0.36,-178.5542,0.85141,1110,74,,0.667,-0.511
114,House,21318,43,6,FL,200,0.920930233,1,"DeSANTIS, Ron",D000621,1978,,0.663,-0.105,-100.61049,0.9132,1108,56,,0.631,-0.135
114,House,21319,43,18,FL,100,0.8265625,1,"MURPHY, Patrick",M001191,1983,,-0.186,-0.026,-209.56091,0.824,1085,85,,-0.244,-0.019
114,House,21321,43,22,FL,100,0.881355932,1,"FRANKEL, Lois",F000462,1948,,-0.399,-0.084,-77.96245,0.93188,1105,27,,-0.428,-0.054
114,House,21377,43,19,FL,200,0.892739274,1,"CLAWSON, Curt",C001102,1959,,0.626,-0.509,-201.38303,0.824,1041,71,,0.587,-0.487
114,House,21401,43,13,FL,200,0.877207063,1,"JOLLY, David W.",J000296,1972,,0.23,0.058,-228.78436,0.807,1065,93,,0.23,0.043
114,House,21511,43,2,FL,100,0.778787879,1,"GRAHAM, Gwendolyn (Gwen)",G000575,1963,,-0.233,0.255,-239.05872,0.808,1124,96,,-0.236,0.271
114,House,21512,43,26,FL,200,0.826893354,1,"CURBELO, Carlos",C001107,1980,,0.211,-0.185,-267.40067,0.78437,1101,131,,0.192,-0.188
114,House,29328,43,5,FL,100,0.875432526,1,"BROWN, Corrine",B000911,1946,,-0.429,0.192,-108.58497,0.895,983,39,,-0.508,0.387
114,House,29331,43,7,FL,200,0.930745814,1,"MICA, John L.",M000689,1943,,0.453,0.137,-113.52337,0.904,1119,46,,0.443,0.191
114,House,29337,43,20,FL,100,0.859664607,1,"HASTINGS, Alcee Lamar",H000324,1936,,-0.564,0.158,-116.32684,0.88418,945,51,,-0.47,0.027
114,House,15431,44,5,GA,100,0.872064777,1,"LEWIS, John R.",L000287,1940,,-0.589,-0.221,-72.96987,0.93262,1046,35,,-0.538,-0.412
114,House,20321,44,13,GA,100,0.839555203,1,"SCOTT, David",S001157,1945,,-0.301,0.163,-175.23204,0.84868,1068,69,,-0.276,0.135
114,House,20505,44,6,GA,200,0.937646142,1,"PRICE, Tom",P000591,1954,,0.644,-0.073,-98.5592,0.91317,1085,56,,0.635,-0.081
114,House,20506,44,3,GA,200,0.910091743,1,"WESTMORELAND, Lynn A.",W000796,1950,,0.672,0.189,-145.79575,0.857,946,55,,0.597,-0.024
114,House,20712,44,4,GA,100,0.876264591,1,"JOHNSON, Hank",J000288,1954,,-0.468,0.01,-125.64055,0.89094,1088,39,,-0.477,0.031
114,House,20962,44,14,GA,200,0.926584235,1,"GRAVES, Tom",G000560,1970,,0.722,-0.002,-104.17874,0.90979,1102,57,,0.632,0.036
114,House,21122,44,7,GA,200,0.92101227,1,"WOODALL, Rob",W000810,1970,,0.598,-0.192,-133.57238,0.88653,1109,66,,0.597,-0.269
114,House,21123,44,8,GA,200,0.950426026,1,"SCOTT, Austin",S001189,1969,,0.569,0.183,-69.0174,0.93908,1098,19,,0.602,0.293
114,House,21323,44,9,GA,200,0.921356978,1,"COLLINS, Doug",C001093,1966,,0.61,0.122,-106.26098,0.90824,1104,54,,0.659,-0.025
114,House,21513,44,1,GA,200,0.926810478,1,"CARTER, Buddy",C001103,1957,,0.582,0.255,-101.42109,0.91275,1111,52,,0.551,0.272
114,House,21514,44,10,GA,200,0.914110429,1,"HICE, Jody Brownlow",H001071,1960,,0.791,-0.112,-98.79072,0.91528,1116,56,,0.713,-0.115
114,House,21515,44,11,GA,200,0.923076923,1,"LOUDERMILK, Barry D.",L000583,1963,,0.689,-0.007,-110.57691,0.90395,1095,51,,0.668,-0.097
114,House,21516,44,12,GA,200,0.947166922,1,"ALLEN, Rick W.",A000372,1951,,0.677,0.301,-74.33273,0.93528,1111,25,,0.617,0.446
114,House,29339,44,2,GA,100,0.791056284,1,"BISHOP, Sanford Dixon, Jr.",B000490,1947,,-0.282,0.464,-268.83911,0.78404,1105,124,,-0.308,0.514
114,House,21124,82,1,HI,100,0.893617021,2,"HANABUSA, Colleen",H001050,1951,,-0.37,0.004,-0.91855,0.9708,31,0,,-0.515,0.34
114,House,21324,82,2,HI,100,0.853881279,1,"GABBARD, Tulsi",G000571,1981,,-0.278,-0.262,-163.84964,0.86379,1119,60,,-0.291,-0.23
114,House,21517,82,1,HI,100,0.897208122,1,"TAKAI, Mark",T000473,1967,2016,-0.363,-0.038,-63.51748,0.906,646,19,,-0.364,-0.028
114,House,21125,63,1,ID,200,0.872954014,1,"LABRADOR, Raúl R.",L000573,1967,,0.735,-0.571,-162.2669,0.86273,1099,72,,0.719,-0.667
114,House,29910,63,2,ID,200,0.926848249,1,"SIMPSON, Michael K.",S001148,1950,,0.296,0.284,-104.84645,0.90948,1105,39,,0.252,0.458
114,House,20508,21,3,IL,100,0.791208791,1,"LIPINSKI, Daniel",L000563,1966,,-0.229,0.178,-290.1888,0.76701,1094,114,,-0.219,0.188
114,House,20715,21,6,IL,200,0.938053097,1,"ROSKAM, Peter",R000580,1961,,0.429,0.018,-135.14474,0.88082,1065,61,,0.411,0.157
114,House,20749,21,11,IL,100,0.857902736,1,"FOSTER, Bill",F000454,1955,,-0.228,-0.227,-138.79522,0.88335,1119,57,,-0.279,-0.22
114,House,20914,21,18,IL,200,0.920634921,1,"SCHOCK, Aaron",S001179,1981,,0.311,0.185,-15.2141,0.871,110,9,,0.339,-0.161
114,House,20954,21,5,IL,100,0.866409266,1,"QUIGLEY, Mike",Q000023,1958,,-0.321,-0.282,-114.58957,0.90158,1106,49,,-0.333,-0.073
114,House,21128,21,16,IL,200,0.905559787,1,"KINZINGER, Adam",K000378,1978,,0.274,0.307,-128.92726,0.89117,1119,69,,0.252,0.235
114,House,21129,21,14,IL,200,0.934362934,1,"HULTGREN, Randy",H001059,1966,,0.49,-0.034,-112.10689,0.90435,1115,47,,0.479,0.087
114,House,21325,21,8,IL,100,0.860641892,1,"DUCKWORTH, Tammy",D000622,1968,,-0.331,0.107,-116.24617,0.89118,1009,48,,-0.304,0.078
114,House,21328,21,13,IL,200,0.897534669,1,"DAVIS, Rodney",D000619,1970,,0.28,0.169,-146.66015,0.87602,1108,69,,0.284,0.107
114,House,21329,21,17,IL,100,0.846853677,1,"BUSTOS, Cheri",B001286,1961,,-0.238,0.036,-147.86033,0.87622,1119,49,,-0.274,0.116
114,House,21371,21,2,IL,100,0.883265306,1,"KELLY, Robin L.",K000385,1956,,-0.459,-0.002,-79.52629,0.92719,1052,29,,-0.429,-0.071
114,House,21518,21,10,IL,200,0.792626728,1,"DOLD, Robert",D000613,1969,,0.176,-0.207,-292.99709,0.768,1112,142,,0.174,-0.205
114,House,21519,21,12,IL,200,0.91362916,1,"BOST, Mike",B001295,1960,,0.27,0.507,-119.84272,0.89423,1072,55,,0.279,0.374
114,House,21562,21,18,IL,200,0.928571429,2,"LaHOOD, Darin",L000585,1968,,0.463,0.158,-65.7352,0.90837,684,27,,0.428,0.056
114,House,29346,21,1,IL,100,0.886989554,1,"RUSH, Bobby L.",R000515,1946,,-0.478,-0.203,-107.80815,0.88874,914,41,,-0.475,-0.106
114,House,29348,21,4,IL,100,0.886462882,1,"GUTIÉRREZ, Luis V.",G000535,1953,,-0.487,-0.26,-68.53368,0.93402,1004,34,,-0.507,-0.296
114,House,29717,21,7,IL,100,0.879968203,1,"DAVIS, Danny K.",D000096,1941,,-0.486,-0.264,-78.33238,0.92985,1077,27,,-0.505,0.009
114,House,29718,21,15,IL,200,0.938215103,1,"SHIMKUS, John M.",S000364,1958,,0.375,0.152,-102.10077,0.91272,1118,45,,0.325,0.428
114,House,29911,21,9,IL,100,0.872456964,1,"SCHAKOWSKY, Janice D.",S001145,1944,,-0.606,-0.269,-74.43707,0.93381,1087,32,,-0.58,-0.407
114,House,15124,22,1,IN,100,0.868501529,1,"VISCLOSKY, Peter",V000108,1949,,-0.402,0.244,-159.48884,0.86627,1111,70,,-0.453,0.068
114,House,20757,22,7,IN,100,0.872699387,1,"CARSON, André",C001072,1974,,-0.431,0.06,-120.58349,0.89688,1108,43,,-0.472,0.061
114,House,21100,22,3,IN,200,0.918085969,1,"STUTZMAN, Marlin",S001188,1976,,0.742,-0.119,-92.80672,0.916,1061,41,,0.715,-0.221
114,House,21131,22,4,IN,200,0.92796282,1,"ROKITA, Todd",R000592,1970,,0.602,-0.16,-149.19175,0.87381,1106,57,,0.559,-0.225
114,House,21132,22,8,IN,200,0.931402439,1,"BUCSHON, Larry",B001275,1962,,0.403,0.254,-103.2571,0.91178,1118,54,,0.363,0.311
114,House,21133,22,9,IN,200,0.95043273,1,"YOUNG, Todd",Y000064,1972,,0.474,-0.033,-107.36286,0.90554,1082,46,,0.464,0.056
114,House,21330,22,2,IN,200,0.94781274,1,"WALORSKI, Jackie",W000813,1963,,0.429,0.316,-74.69264,0.93504,1112,29,,0.45,0.391
114,House,21331,22,5,IN,200,0.943338438,1,"BROOKS, Susan",B001284,1960,,0.356,0.216,-107.30179,0.90801,1112,46,,0.363,0.306
114,House,21332,22,6,IN,200,0.941851568,1,"MESSER, Luke",M001189,1969,,0.563,-0.086,-114.3569,0.90244,1114,46,,0.554,-0.124
114,House,20325,31,4,IA,200,0.939796716,1,"KING, Steve",K000362,1949,,0.612,0.18,-147.15005,0.87229,1077,45,,0.574,0.051
114,House,20720,31,2,IA,100,0.867331288,1,"LOEBSACK, Dave",L000565,1952,,-0.276,-0.031,-103.03506,0.91151,1112,37,,-0.32,-0.027
114,House,21520,31,1,IA,200,0.900383142,1,"BLUM, Rod",B001294,1955,,0.527,-0.488,-211.76219,0.82702,1115,74,,0.521,-0.427
114,House,21521,31,3,IA,200,0.939485628,1,"YOUNG, David",Y000066,1968,,0.442,-0.038,-143.93891,0.8799,1125,63,,0.443,0.04
114,House,20915,32,2,KS,200,0.928957529,1,"JENKINS, Lynn",J000290,1963,,0.523,0.004,-110.06119,0.90462,1098,49,,0.532,-0.001
114,House,21134,32,1,KS,200,0.878670788,1,"HUELSKAMP, Tim",H001057,1968,,0.744,-0.466,-167.58324,0.859,1103,69,,0.919,-0.395
114,House,21135,32,3,KS,200,0.925613497,1,"YODER, Kevin",Y000063,1976,,0.558,0.03,-118.67899,0.89851,1109,61,,0.556,-0.041
114,House,21136,32,4,KS,200,0.947492163,1,"POMPEO, Mike",P000602,1963,,0.66,0.164,-79.15451,0.92939,1081,28,,0.634,0.15
114,House,14854,51,5,KY,200,0.938791125,1,"ROGERS, Harold Dallas (Hal)",R000395,1937,,0.336,0.109,-96.75469,0.91674,1113,33,,0.298,0.709
114,House,20723,51,3,KY,100,0.880741338,1,"YARMUTH, John",Y000062,1947,,-0.378,-0.271,-71.92993,0.93324,1041,27,,-0.421,-0.349
114,House,20916,51,2,KY,200,0.956455309,1,"GUTHRIE, Brett",G000558,1964,,0.417,0.272,-93.65026,0.91951,1116,43,,0.522,0.294
114,House,21333,51,6,KY,200,0.947448591,1,"BARR, Garland H. (Andy) IV",B001282,1973,,0.492,0.29,-91.70719,0.92118,1117,46,,0.488,0.445
114,House,21565,51,1,KY,200,0.978723404,2,"COMER, James",C001108,1972,,0.638,-0.02,-2.02027,0.93691,31,1,,0.608,0.542
114,House,29525,51,1,KY,200,0.911111111,1,"WHITFIELD, Wayne Edward (Ed)",W000413,1943,,0.303,0.182,-161.20582,0.845,956,51,,0.308,0.2
114,House,31102,51,4,KY,200,0,1,"MASSIE, Thomas",M001184,1971,,0.681,-0.732,-395.2108,0.70134,1114,144,,0.991,-0.136
114,House,20514,45,3,LA,200,0.9348659,1,"BOUSTANY, Charles W.",B001255,1956,,0.392,0.308,-102.39446,0.912,1115,40,,0.364,0.703
114,House,20759,45,1,LA,200,0.962307692,1,"SCALISE, Steve",S001176,1965,,0.563,0.157,-88.82035,0.9231,1110,32,,0.517,0.296
114,House,20918,45,4,LA,200,0.911809816,1,"FLEMING, John",F000456,1951,,0.59,0.022,-134.43897,0.887,1116,70,,0.678,-0.179
114,House,21137,45,2,LA,100,0.862179487,1,"RICHMOND, Cedric",R000588,1973,,-0.485,0.33,-114.13433,0.89945,1077,53,,-0.489,0.32
114,House,21522,45,5,LA,200,0.947727273,1,"ABRAHAM, Ralph",A000374,1954,,0.54,0.252,-94.08763,0.91963,1123,34,,0.487,0.511
114,House,21523,45,6,LA,200,0.922959573,1,"GRAVES, Garret",G000577,1972,,0.461,-0.075,-152.15681,0.87265,1117,59,,0.49,-0.076
114,House,20920,2,1,ME,100,0.874713522,1,"PINGREE, Chellie",P000597,1955,,-0.42,-0.401,-87.75645,0.92431,1115,38,,-0.386,-0.374
114,House,21524,2,2,ME,200,0.890577508,1,"POLIQUIN, Bruce Lee",P000611,1953,,0.36,-0.182,-267.95948,0.78755,1122,120,,0.371,-0.262
114,House,14873,52,5,MD,100,0.882903981,1,"HOYER, Steny Hamilton",H000874,1939,,-0.38,0.117,-92.95426,0.91775,1083,43,,-0.418,0.082
114,House,20329,52,2,MD,100,0.828729282,1,"RUPPERSBERGER, C. A. (Dutch)",R000576,1946,,-0.295,0.133,-173.81577,0.85083,1076,69,,-0.296,0.211
114,House,20330,52,8,MD,100,0.886469673,1,"VAN HOLLEN, Christopher",V000128,1959,,-0.39,-0.196,-65.67497,0.94173,1094,17,,-0.473,-0.182
114,House,20724,52,3,MD,100,0.882172915,1,"SARBANES, John",S001168,1962,,-0.467,-0.073,-60.30022,0.94689,1105,29,,-0.495,-0.193
114,House,20763,52,4,MD,100,0.882398754,1,"EDWARDS, Donna F.",E000290,1958,,-0.562,-0.294,-71.33447,0.937,1097,33,,-0.474,-0.242
114,House,21139,52,1,MD,200,0.912012242,1,"HARRIS, Andy",H001052,1957,,0.655,-0.381,-139.00435,0.88299,1117,57,,0.681,-0.249
114,House,21334,52,6,MD,100,0.837708831,1,"DELANEY, John",D000620,1963,,-0.276,0.041,-176.33501,0.84608,1055,78,,-0.259,0.022
114,House,29587,52,7,MD,100,0.886046512,1,"CUMMINGS, Elijah Eugene",C000984,1951,,-0.438,-0.148,-59.84599,0.94705,1100,23,,-0.512,-0.112
114,House,15616,3,1,MA,100,0.868114818,1,"NEAL, Richard Edmund",N000015,1949,,-0.417,-0.11,-92.66478,0.919,1097,51,,-0.392,-0.164
114,House,20119,3,8,MA,100,0.848111025,1,"LYNCH, Stephen F.",L000562,1955,,-0.35,0.039,-153.50543,0.87019,1104,67,,-0.346,0.003
114,House,20754,3,3,MA,100,0.881382561,1,"TSONGAS, Nicola S. (Niki)",T000465,1946,,-0.396,-0.199,-75.6907,0.93225,1079,27,,-0.385,-0.202
114,House,21140,3,9,MA,100,0.853828306,1,"KEATING, William R.",K000375,1952,,-0.329,-0.129,-144.42872,0.87727,1103,55,,-0.32,-0.034
114,House,21335,3,4,MA,100,0.871428571,1,"KENNEDY, Joseph P. III",K000379,1980,,-0.423,-0.19,-93.48059,0.91649,1072,37,,-0.443,-0.092
114,House,21375,3,5,MA,100,0.872243346,1,"CLARK, Katherine M.",C001101,1963,,-0.484,-0.374,-65.31982,0.94335,1120,27,,-0.476,-0.477
114,House,21525,3,6,MA,100,0.863981763,1,"MOULTON, Seth",M001196,1978,,-0.287,-0.067,-140.73712,0.88172,1118,58,,-0.337,0.017
114,House,29729,3,2,MA,100,0.87012987,1,"McGOVERN, James P.",M000312,1959,,-0.539,-0.3,-78.80125,0.93171,1114,43,,-0.46,-0.67
114,House,29919,3,7,MA,100,0.860573199,1,"CAPUANO, Michael Everett",C001037,1952,,-0.58,-0.082,-111.61555,0.90351,1100,62,,-0.443,-0.438
114,House,10713,23,13,MI,100,0.869530628,1,"CONYERS, John, Jr.",C000714,1929,,-0.658,-0.512,-101.50849,0.90981,1074,38,,-0.538,-0.303
114,House,15033,23,9,MI,100,0.88190184,1,"LEVIN, Sander Martin",L000263,1931,,-0.379,-0.091,-82.1549,0.92841,1106,30,,-0.434,-0.02
114,House,15446,23,6,MI,200,0.914523449,1,"UPTON, Frederick Stephen",U000031,1953,,0.335,-0.383,-211.24473,0.8288,1125,85,,0.31,-0.022
114,House,20331,23,10,MI,200,0.946731235,1,"MILLER, Candice S.",M001150,1954,,0.343,-0.001,-160.03739,0.859,1056,75,,0.384,0.028
114,House,20725,23,7,MI,200,0.942117289,1,"WALBERG, Tim",W000798,1951,,0.517,0.066,-97.87426,0.91618,1118,49,,0.513,0.215
114,House,21141,23,1,MI,200,0.91047041,1,"BENISHEK, Dan",B001271,1952,,0.491,-0.15,-198.80694,0.838,1122,105,,0.407,-0.042
114,House,21142,23,2,MI,200,0.930980392,1,"HUIZENGA, Bill",H001058,1969,,0.588,-0.071,-112.39026,0.90203,1090,50,,0.596,-0.043
114,House,21143,23,3,MI,200,0.734493192,1,"AMASH, Justin",A000367,1980,,0.654,-0.757,-486.11045,0.6484,1122,175,,0.573,-0.82
114,House,21372,23,5,MI,100,0.885093168,1,"KILDEE, Dan",K000380,1958,,-0.395,-0.214,-80.16743,0.92959,1098,28,,-0.433,-0.164
114,House,21526,23,4,MI,200,0.943295019,1,"MOOLENAAR, John",M001194,1961,,0.399,0.424,-99.61515,0.91424,1111,37,,0.429,0.47
114,House,21527,23,8,MI,200,0.941266209,1,"BISHOP, Michael Dean",B001293,1967,,0.451,0.095,-122.50499,0.89639,1120,57,,0.437,0.129
114,House,21528,23,11,MI,200,0.941221374,1,"TROTT, David A.",T000475,1960,,0.369,0.257,-108.13286,0.90789,1119,44,,0.373,0.315
114,House,21529,23,12,MI,100,0.880527541,1,"DINGELL, Debbie",D000624,1953,,-0.407,-0.141,-80.8804,0.92892,1097,34,,-0.464,0.03
114,House,21530,23,14,MI,100,0.875384615,1,"LAWRENCE, Brenda L",L000581,1954,,-0.446,-0.034,-81.08856,0.92961,1111,34,,-0.455,-0.037
114,House,14263,33,8,MN,100,0.854020297,1,"NOLAN, Richard Michael",N000127,1943,,-0.372,-0.372,-183.48773,0.84389,1081,68,,-0.275,-0.325
114,House,20122,33,4,MN,100,0.880733945,1,"McCOLLUM, Betty",M001143,1954,,-0.418,-0.191,-91.65245,0.92068,1109,31,,-0.457,-0.077
114,House,20333,33,2,MN,200,0.952563122,1,"KLINE, John",K000363,1947,,0.49,0.154,-112.95818,0.904,1114,45,,0.394,0.302
114,House,20726,33,1,MN,100,0.830030488,1,"WALZ, Tim",W000799,1964,,-0.275,0.131,-195.44699,0.83895,1113,80,,-0.261,0.1
114,House,20727,33,5,MN,100,0.869188337,1,"ELLISON, Keith",E000288,1963,,-0.537,-0.58,-91.04381,0.91887,1076,35,,-0.481,-0.504
114,House,20924,33,3,MN,200,0.920550038,1,"PAULSEN, Erik",P000594,1965,,0.402,-0.191,-166.84159,0.86091,1114,77,,0.392,-0.128
114,House,21531,33,6,MN,200,0.921898928,1,"EMMER, Thomas Earl II",E000294,1961,,0.459,-0.057,-179.3193,0.85181,1118,81,,0.423,-0.079
114,House,29127,33,7,MN,100,0.585943468,1,"PETERSON, Collin Clark",P000258,1944,,-0.148,0.712,-460.80134,0.66148,1115,231,,-0.107,0.584
114,House,20925,46,3,MS,200,0.938603223,1,"HARPER, Gregg",H001045,1956,,0.384,0.48,-91.55113,0.92028,1102,36,,0.345,0.658
114,House,21147,46,1,MS,200,0,1,"NUNNELEE, Alan",N000186,1958,2015,0.488,0.574,,,,,,,
114,House,21148,46,4,MS,200,0.915537849,1,"PALAZZO, Steven",P000601,1970,,0.525,0.542,-108.25992,0.9042,1075,59,,0.487,0.495
114,House,21561,46,1,MS,200,0.929006085,2,"KELLY, Trent",K000388,1966,,0.625,0.253,-76.42959,0.91193,829,34,,0.542,0.384
114,House,29368,46,2,MS,100,0.863886703,1,"THOMPSON, Bennie",T000193,1948,,-0.516,0.4,-120.57049,0.89437,1080,56,,-0.534,0.293
114,House,20124,34,6,MO,200,0.917752443,1,"GRAVES, Samuel",G000546,1963,,0.442,0.174,-133.75218,0.88082,1054,55,,0.376,0.233
114,House,20147,34,1,MO,100,0.879377432,1,"CLAY, William Lacy, Jr.",C001049,1956,,-0.481,-0.08,-106.98792,0.90626,1087,38,,-0.483,0.106
114,House,20517,34,5,MO,100,0.863105175,1,"CLEAVER, Emanuel, II",C001061,1944,,-0.454,0.018,-100.64741,0.90542,1013,36,,-0.488,0.069
114,House,20926,34,3,MO,200,0.940814758,1,"LUETKEMEYER, Blaine",L000569,1952,,0.438,0.256,-86.01427,0.92518,1106,37,,0.429,0.36
114,House,21149,34,4,MO,200,0.934250765,1,"HARTZLER, Vicky",H001053,1960,,0.465,0.331,-94.29897,0.91918,1119,41,,0.509,0.535
114,House,21150,34,7,MO,200,0.942201108,1,"LONG, Billy",L000576,1955,,0.545,0.241,-88.59294,0.92089,1075,39,,0.505,0.53
114,House,21337,34,2,MO,200,0.956626506,1,"WAGNER, Ann",W000812,1962,,0.449,0.148,-88.87221,0.91892,1051,37,,0.44,0.269
114,House,21373,34,8,MO,200,0.938167939,1,"SMITH, Jason",S001195,1980,,0.597,0.204,-80.94275,0.92998,1115,42,,0.609,0.138
114,House,21532,64,1,MT,200,0.920155039,1,"ZINKE, Ryan",Z000018,1961,,0.412,-0.097,-192.64626,0.83975,1103,69,,0.412,-0.097
114,House,20518,35,1,NE,200,0.909439754,1,"FORTENBERRY, Jeff",F000449,1960,,0.301,-0.064,-190.09577,0.84273,1111,81,,0.318,-0.007
114,House,20729,35,3,NE,200,0.950267789,1,"SMITH, Adrian",S001172,1970,,0.516,0.185,-80.85675,0.93005,1115,27,,0.557,0.353
114,House,21533,35,2,NE,100,0.697247706,1,"ASHFORD, John Bradley",A000373,1949,,-0.185,0.441,-325.13112,0.746,1112,137,,-0.181,0.427
114,House,20927,65,1,NV,100,0.868630573,1,"TITUS, Alice (Dina)",T000468,1950,,-0.302,-0.218,-111.92393,0.90042,1067,43,,-0.297,-0.252
114,House,21151,65,3,NV,200,0.899920572,1,"HECK, Joe",H001055,1961,,0.324,0.014,-170.65291,0.853,1074,83,,0.364,-0.073
114,House,21196,65,2,NV,200,0.928225806,1,"AMODEI, Mark E.",A000369,1958,,0.381,0.203,-113.35232,0.89813,1055,44,,0.323,0.459
114,House,21534,65,4,NV,200,0.93595679,1,"HARDY, Cresent Leo",H001070,1957,,0.353,0.209,-119.1218,0.897,1099,51,,0.353,0.203
114,House,21340,4,2,NH,100,0.855945122,1,"KUSTER, Ann McLane",K000382,1956,,-0.255,-0.127,-128.16892,0.89159,1117,47,,-0.257,-0.129
114,House,21535,4,1,NH,200,0.92147806,1,"GUINTA, Frank",G000570,1970,,0.427,-0.073,-156.51923,0.868,1110,61,,0.429,-0.088
114,House,14863,12,4,NJ,200,0.88190184,1,"SMITH, Christopher Henry",S000522,1953,,0.164,-0.168,-325.45295,0.74646,1113,129,,0.278,-0.147
114,House,15454,12,6,NJ,100,0.872209392,1,"PALLONE, Frank, Jr.",P000034,1951,,-0.404,-0.163,-89.86937,0.92196,1106,46,,-0.454,-0.405
114,House,20336,12,5,NJ,200,0.901778809,1,"GARRETT, Scott",G000548,1959,,0.688,-0.243,-161.0892,0.864,1099,76,,0.622,-0.476
114,House,20542,12,8,NJ,100,0.852090032,1,"SIRES, Albio",S001165,1951,,-0.405,0.095,-149.4406,0.86965,1070,67,,-0.361,0.095
114,House,20929,12,7,NJ,200,0.910741301,1,"LANCE, Leonard",L000567,1952,,0.329,-0.237,-214.44596,0.82645,1125,110,,0.374,-0.144
114,House,21536,12,1,NJ,100,0.861408882,1,"NORCROSS, Donald",N000188,1958,,-0.426,0.325,-132.04131,0.88775,1109,64,,-0.375,0.225
114,House,21537,12,3,NJ,200,0.877880184,1,"MacARTHUR, Thomas Charles",M001193,1960,,0.206,0.274,-174.19264,0.85513,1113,75,,0.207,0.259
114,House,21538,12,12,NJ,100,0.863045142,1,"WATSON COLEMAN, Bonnie",W000822,1945,,-0.625,-0.136,-79.40895,0.93126,1115,45,,-0.525,-0.427
114,House,29539,12,2,NJ,200,0.839636914,1,"LoBIONDO, Frank A.",L000554,1946,,0.211,-0.224,-257.13908,0.79567,1125,119,,0.233,-0.195
114,House,29541,12,11,NJ,200,0.928134557,1,"FRELINGHUYSEN, Rodney P.",F000372,1946,,0.292,-0.262,-220.45187,0.82133,1120,85,,0.266,0.412
114,House,29741,12,9,NJ,100,0.870615744,1,"PASCRELL, William J., Jr.",P000096,1937,,-0.366,-0.005,-113.41216,0.90212,1101,40,,-0.409,0.04
114,House,31103,12,10,NJ,100,0,1,"PAYNE, Donald, Jr.",P000604,1958,,-0.517,-0.101,-76.07385,0.91997,912,31,,-0.524,-0.084
114,House,20337,66,2,NM,200,0.9144,1,"PEARCE, Stevan",P000588,1947,,0.472,0.064,-153.22132,0.86518,1058,70,,0.509,0.003
114,House,20932,66,3,NM,100,0.875474563,1,"LUJÁN, Ben Ray",L000570,1972,,-0.367,0.014,-113.12694,0.90352,1115,42,,-0.388,0.108
114,House,21341,66,1,NM,100,0.857819905,1,"LUJAN GRISHAM, Michelle",L000580,1959,,-0.313,0.047,-131.90424,0.88422,1072,48,,-0.362,0.179
114,House,13035,13,13,NY,100,0.883372734,1,"RANGEL, Charles B.",R000053,1930,,-0.514,-0.341,-100.02235,0.911,1077,41,,-0.498,-0.088
114,House,15444,13,25,NY,100,0.875968992,1,"SLAUGHTER, Louise McIntosh",S000480,1929,2018,-0.465,-0.104,-87.21867,0.92424,1107,40,,-0.485,-0.096
114,House,15603,13,16,NY,100,0.889511609,1,"ENGEL, Eliot Lance",E000179,1947,,-0.408,-0.095,-130.5915,0.88357,1055,42,,-0.429,0.072
114,House,15612,13,17,NY,100,0.880642693,1,"LOWEY, Nita M.",L000480,1937,,-0.389,-0.155,-97.26958,0.91639,1114,43,,-0.404,-0.021
114,House,20129,13,3,NY,100,0.880897138,1,"ISRAEL, Steve",I000057,1958,,-0.334,-0.051,-92.75235,0.919,1101,51,,-0.394,0.009
114,House,20519,13,26,NY,100,0.875290473,1,"HIGGINS, Brian",H001038,1959,,-0.347,-0.032,-100.1401,0.91373,1110,36,,-0.362,-0.127
114,House,20733,13,9,NY,100,0.871417506,1,"CLARKE, Yvette Diane",C001067,1964,,-0.614,-0.206,-72.9213,0.93625,1107,36,,-0.594,-0.401
114,House,20934,13,20,NY,100,0.873185638,1,"TONKO, Paul",T000469,1949,,-0.42,-0.265,-84.43725,0.92624,1102,30,,-0.434,-0.273
114,House,21101,13,23,NY,200,0.903300077,1,"REED, Thomas W. II",R000585,1971,,0.28,0.11,-143.53438,0.87829,1106,61,,0.278,0.161
114,House,21156,13,19,NY,200,0.766590389,1,"GIBSON, Christopher",G000564,1964,,0.203,-0.455,-347.40836,0.733,1117,178,,0.205,-0.371
114,House,21157,13,22,NY,200,0.827098919,1,"HANNA, Richard",H001051,1951,,0.215,-0.145,-258.38534,0.777,1024,119,,0.199,-0.158
114,House,21342,13,6,NY,100,0.886703383,1,"MENG, Grace",M001188,1975,,-0.377,-0.164,-95.56764,0.91598,1089,32,,-0.38,-0.127
114,House,21343,13,8,NY,100,0.88828125,1,"JEFFRIES, Hakeem",J000294,1970,,-0.487,-0.09,-61.24475,0.94541,1091,25,,-0.481,-0.092
114,House,21344,13,18,NY,100,0.810999225,1,"MALONEY, Sean Patrick",M001185,1966,,-0.238,0.119,-197.33776,0.83699,1109,88,,-0.258,0.114
114,House,21345,13,27,NY,200,0.933488012,1,"COLLINS, Chris",C001092,1950,,0.357,0.236,-111.64046,0.90366,1102,49,,0.358,0.225
114,House,21539,13,1,NY,200,0.902809415,1,"ZELDIN, Lee M",Z000017,1980,,0.387,-0.131,-201.42423,0.8354,1120,77,,0.331,-0.071
114,House,21540,13,4,NY,100,0.84591195,1,"RICE, Kathleen Maura",R000602,1965,,-0.284,0.026,-150.66198,0.86866,1070,78,,-0.271,-0.09
114,House,21541,13,21,NY,200,0.881060606,1,"STEFANIK, Elise M",S001196,1984,,0.221,0.001,-183.4137,0.84944,1124,70,,0.204,0.077
114,House,21542,13,24,NY,200,0.860429448,1,"KATKO, John",K000386,1962,,0.203,-0.008,-235.89955,0.80901,1113,107,,0.197,-0.025
114,House,21560,13,11,NY,200,0.886932345,2,"DONOVAN, Daniel M., Jr.",D000625,1956,,0.227,0.095,-150.92566,0.84794,915,58,,0.217,0.144
114,House,29134,13,15,NY,100,0.884644767,1,"SERRANO, José E.",S000248,1943,,-0.491,-0.377,-63.81247,0.94457,1119,36,,-0.471,-0.31
114,House,29375,13,2,NY,200,0.904980843,1,"KING, Peter T.",K000210,1944,,0.259,-0.032,-174.90838,0.85518,1118,57,,0.22,0.255
114,House,29377,13,10,NY,100,0.877650897,1,"NADLER, Jerrold Lewis",N000002,1947,,-0.509,-0.505,-77.67263,0.92777,1036,42,,-0.47,-0.406
114,House,29378,13,7,NY,100,0.876153846,1,"VELÁZQUEZ, Nydia M.",V000081,1953,,-0.547,-0.338,-62.74693,0.94518,1113,23,,-0.503,-0.33
114,House,29379,13,12,NY,100,0.877990431,1,"MALONEY, Carolyn Bosher",M000087,1946,,-0.387,-0.279,-96.32247,0.91414,1073,34,,-0.378,-0.12
114,House,29776,13,5,NY,100,0.882960413,1,"MEEKS, Gregory W.",M001137,1953,,-0.413,-0.073,-100.95315,0.90202,979,32,,-0.397,0.006
114,House,29925,13,14,NY,100,0.880375293,1,"CROWLEY, Joseph",C001038,1962,,-0.412,-0.07,-82.14485,0.92715,1086,31,,-0.401,-0.129
114,House,15438,47,4,NC,100,0.893962848,1,"PRICE, David Eugene",P000523,1940,,-0.343,-0.031,-86.40101,0.92399,1093,29,,-0.447,0.015
114,House,20340,47,1,NC,100,0.873407643,1,"BUTTERFIELD, George Kenneth, Jr. (G.K.)",B001251,1947,,-0.404,0.181,-92.76488,0.91755,1078,32,,-0.441,0.183
114,House,20521,47,5,NC,200,0.935185185,1,"FOXX, Virginia Ann",F000450,1943,,0.631,0.124,-140.62815,0.88009,1101,67,,0.566,-0.095
114,House,20522,47,10,NC,200,0.959695817,1,"McHENRY, Patrick T.",M001156,1975,,0.552,0.076,-98.2406,0.91595,1119,36,,0.506,0.337
114,House,21159,47,2,NC,200,0.934001671,1,"ELLMERS, Renee",E000291,1964,,0.406,0.338,-143.7411,0.868,1018,63,,0.384,0.172
114,House,21346,47,8,NC,200,0.931484502,1,"HUDSON, Richard",H001067,1971,,0.582,0.106,-84.82479,0.92253,1052,39,,0.647,0.146
114,House,21347,47,9,NC,200,0.95120062,1,"PITTENGER, Robert",P000606,1948,,0.561,0.333,-87.25441,0.92421,1107,43,,0.535,0.291
114,House,21348,47,11,NC,200,0.922546012,1,"MEADOWS, Mark",M001187,1959,,0.605,-0.201,-126.69667,0.89213,1110,55,,0.62,-0.198
114,House,21349,47,13,NC,200,0.932422172,1,"HOLDING, George E.B.",H001065,1968,,0.609,0.147,-97.53107,0.91667,1121,51,,0.652,0.039
114,House,21543,47,6,NC,200,0.939324117,1,"WALKER, Bradley Mark",W000819,1969,,0.641,0.023,-98.3978,0.91473,1104,40,,0.619,-0.006
114,House,21544,47,7,NC,200,0.937121212,1,"ROUZER, David",R000603,1972,,0.571,0.15,-93.41524,0.92018,1123,50,,0.609,0.102
114,House,21545,47,12,NC,100,0.882113821,1,"ADAMS, Alma",A000370,1946,,-0.466,0.012,-54.81512,0.94866,1040,22,,-0.475,0.017
114,House,29546,47,3,NC,200,0.689952904,1,"JONES, Walter Beaman, Jr.",J000255,1943,,0.244,-0.362,-1060.08808,0.37778,1089,411,,0.416,-0.909
114,House,21350,36,1,ND,200,0.943102104,1,"CRAMER, Kevin",C001096,1961,,0.387,0.285,-97.98981,0.91462,1098,37,,0.396,0.263
114,House,15029,24,9,OH,100,0.87073751,1,"KAPTUR, Marcia Carolyn (Marcy)",K000009,1946,,-0.35,0.109,-138.99589,0.87882,1076,42,,-0.387,0.01
114,House,20130,24,12,OH,200,0.928229665,1,"TIBERI, Patrick (Pat)",T000462,1962,,0.386,-0.026,-121.38741,0.8947,1091,57,,0.349,0.302
114,House,20342,24,10,OH,200,0.911040508,1,"TURNER, Michael R.",T000463,1960,,0.27,0.206,-113.20187,0.89934,1067,50,,0.246,0.426
114,House,20343,24,13,OH,100,0.863132911,1,"RYAN, Timothy J.",R000577,1973,,-0.403,0.214,-127.47837,0.88896,1083,65,,-0.381,0.036
114,House,20738,24,4,OH,200,0.892638037,1,"JORDAN, Jim",J000289,1964,,0.718,-0.218,-117.62794,0.89945,1110,68,,0.744,-0.415
114,House,20755,24,5,OH,200,0.951761103,1,"LATTA, Robert E.",L000566,1956,,0.519,0.259,-79.36483,0.93153,1119,25,,0.541,0.216
114,House,20941,24,11,OH,100,0.869056898,1,"FUDGE, Marcia L.",F000455,1952,,-0.581,0.141,-93.47598,0.91803,1093,48,,-0.532,0.057
114,House,21162,24,6,OH,200,0.930197269,1,"JOHNSON, Bill",J000292,1954,,0.433,0.281,-99.86887,0.91476,1121,51,,0.383,0.435
114,House,21163,24,15,OH,200,0.937893082,1,"STIVERS, Steve",S001187,1965,,0.299,0.273,-104.06626,0.90781,1076,46,,0.314,0.344
114,House,21164,24,16,OH,200,0.912012242,1,"RENACCI, Jim",R000586,1958,,0.387,0.143,-143.40055,0.87932,1115,80,,0.372,0.18
114,House,21165,24,7,OH,200,0.942028986,1,"GIBBS, Bob",G000563,1954,,0.474,0.321,-90.14345,0.92273,1121,44,,0.486,0.347
114,House,21351,24,2,OH,200,0.940905602,1,"WENSTRUP, Brad",W000815,1958,,0.551,0.181,-103.77339,0.9109,1112,44,,0.594,0.146
114,House,21352,24,3,OH,100,0.883076923,1,"BEATTY, Joyce",B001281,1950,,-0.429,0.064,-80.45535,0.92996,1108,22,,-0.437,0.11
114,House,21353,24,14,OH,200,0.900156006,1,"JOYCE, David",J000295,1957,,0.264,0.27,-121.94195,0.89461,1095,54,,0.273,0.22
114,House,21564,24,8,OH,200,0.925595238,2,"DAVIDSON, Warren",D000626,1970,,0.707,-0.36,-32.47997,0.89084,281,11,,0.733,-0.191
114,House,29137,24,8,OH,200,0.928571429,1,"BOEHNER, John Andrew",B000589,1949,,0.513,0.04,,,,,,0.149,0.91
114,House,29550,24,1,OH,200,0.950794852,1,"CHABOT, Steve",C000266,1953,,0.572,-0.212,-88.48655,0.92429,1124,27,,0.618,0.183
114,House,20344,53,4,OK,200,0.933231005,1,"COLE, Tom",C001053,1949,,0.33,0.359,-92.59982,0.91996,1110,26,,0.284,0.495
114,House,21354,53,1,OK,200,0.913513514,1,"BRIDENSTINE, Jim",B001283,1975,,0.689,-0.157,-132.75408,0.88737,1111,52,,0.651,-0.126
114,House,21355,53,2,OK,200,0.941176471,1,"MULLIN, Markwayne",M001190,1977,,0.514,0.374,-86.79864,0.92517,1116,39,,0.461,0.607
114,House,21546,53,5,OK,200,0.929946112,1,"RUSSELL, Steve",R000604,1963,,0.473,-0.183,-201.39297,0.83353,1106,66,,0.453,-0.021
114,House,29393,53,3,OK,200,0.942336874,1,"LUCAS, Frank D.",L000491,1960,,0.362,0.416,-75.65927,0.9349,1124,29,,0.351,0.537
114,House,15410,72,4,OR,100,0.826229508,1,"DeFAZIO, Peter Anthony",D000191,1947,,-0.428,0.002,-233.32716,0.79764,1032,92,,-0.269,-0.366
114,House,20944,72,5,OR,100,0.751962323,1,"SCHRADER, Kurt",S001180,1951,,-0.189,0.063,-429.3636,0.6749,1092,186,,-0.156,-0.034
114,House,21198,72,1,OR,100,0.880769231,1,"BONAMICI, Suzanne",B001278,1954,,-0.393,-0.396,-79.97907,0.9303,1107,45,,-0.404,-0.385
114,House,29588,72,3,OR,100,0.863707165,1,"BLUMENAUER, Earl",B000574,1948,,-0.427,-0.669,-129.98118,0.88759,1090,51,,-0.388,-0.751
114,House,29932,72,2,OR,200,0.932267884,1,"WALDEN, Greg",W000791,1957,,0.334,-0.013,-112.28299,0.90477,1122,39,,0.348,0.12
114,House,20134,14,9,PA,200,0.93129771,1,"SHUSTER, William (Bill)",S001154,1961,,0.374,0.323,-106.33063,0.9092,1117,46,,0.323,0.403
114,House,20346,14,18,PA,200,0.928244275,1,"MURPHY, Timothy",M001151,1952,,0.258,0.198,-139.20934,0.88263,1115,59,,0.339,0.225
114,House,20524,14,8,PA,200,0.843059937,1,"FITZPATRICK, Michael G.",F000451,1963,,0.202,-0.186,-278.04712,0.774,1083,134,,0.221,-0.134
114,House,20526,14,15,PA,200,0.888636364,1,"DENT, Charles W.",D000604,1960,,0.244,-0.085,-208.8752,0.83041,1124,84,,0.225,0.071
114,House,20946,14,5,PA,200,0.907505686,1,"THOMPSON, Glenn",T000467,1959,,0.31,0.389,-152.78088,0.8727,1122,65,,0.322,0.187
114,House,21167,14,3,PA,200,0.927162367,1,"KELLY, Mike",K000376,1948,,0.346,0.451,-102.98674,0.91222,1121,40,,0.327,0.605
114,House,21168,14,7,PA,200,0.877473364,1,"MEEHAN, Patrick",M001181,1955,,0.22,0.076,-216.11429,0.82423,1118,101,,0.226,0.021
114,House,21170,14,10,PA,200,0.935980551,1,"MARINO, Thomas A.",M001179,1952,,0.352,0.477,-84.04382,0.92308,1050,26,,0.342,0.78
114,House,21171,14,11,PA,200,0.919967664,1,"BARLETTA, Lou",B001269,1956,,0.278,0.393,-122.93741,0.8901,1056,48,,0.306,0.421
114,House,21356,14,4,PA,200,0.89092296,1,"PERRY, Scott",P000605,1962,,0.623,-0.348,-144.21636,0.87898,1118,67,,0.681,-0.459
114,House,21357,14,12,PA,200,0.947288006,1,"ROTHFUS, Keith",R000598,1962,,0.498,0.044,-96.20051,0.91741,1116,43,,0.524,0.093
114,House,21358,14,17,PA,100,0.876352396,1,"CARTWRIGHT, Matt",C001090,1961,,-0.371,-0.046,-112.68404,0.90288,1103,42,,-0.395,-0.01
114,House,21547,14,6,PA,200,0.852220521,1,"COSTELLO, Ryan",C001106,1976,,0.217,-0.055,-208.60672,0.82895,1112,99,,0.21,-0.055
114,House,21548,14,13,PA,100,0.860410095,1,"BOYLE, Brendan Francis",B001296,1977,,-0.396,0.133,-131.05645,0.88573,1080,62,,-0.361,0.039
114,House,21566,14,2,PA,100,0.891304348,2,"EVANS, Dwight",E000296,1954,,-0.455,-0.071,-3.01515,0.90438,30,1,,-0.26,-0.13
114,House,29559,14,2,PA,100,0.905405405,1,"FATTAH, Chaka",F000043,1956,,-0.472,-0.054,-58.07576,0.919,687,22,,-0.436,-0.193
114,House,29561,14,14,PA,100,0.868878357,1,"DOYLE, Michael F.",D000482,1953,,-0.33,0.114,-136.80863,0.88071,1077,54,,-0.403,0.014
114,House,29752,14,16,PA,200,0.947163947,1,"PITTS, Joseph R.",P000373,1939,,0.538,0.012,-115.46484,0.9,1098,49,,0.492,0.093
114,House,29777,14,1,PA,100,0.877276326,1,"BRADY, Robert A.",B001227,1945,,-0.484,0.225,-89.61206,0.91966,1070,47,,-0.459,0.013
114,House,20136,5,2,RI,100,0.866207951,1,"LANGEVIN, James",L000559,1964,,-0.376,0.108,-121.21292,0.89673,1112,56,,-0.373,0.102
114,House,21172,5,1,RI,100,0.891271057,1,"CICILLINE, David N.",C001084,1961,,-0.391,-0.283,-70.70383,0.93824,1109,30,,-0.386,-0.276
114,House,20138,48,2,SC,200,0.948501153,1,"WILSON, Addison Graves (Joe)",W000795,1947,,0.538,0.106,-86.34211,0.92529,1112,33,,0.513,0.509
114,House,21174,48,3,SC,200,0.909803922,1,"DUNCAN, Jeff",D000615,1966,,0.731,-0.186,-126.32294,0.89019,1086,51,,0.683,-0.303
114,House,21175,48,4,SC,200,0.938193344,1,"GOWDY, Trey",G000566,1964,,0.655,-0.002,-70.87642,0.93602,1072,26,,0.641,0.134
114,House,21176,48,5,SC,200,0.857255521,1,"MULVANEY, Mick",M001182,1967,,0.75,-0.592,-143.49656,0.87654,1089,77,,0.739,-0.674
114,House,21359,48,7,SC,200,0.895057034,1,"RICE, Tom",R000597,1957,,0.603,-0.281,-166.08766,0.86161,1115,79,,0.563,-0.297
114,House,29565,48,1,SC,200,0.820233463,1,"SANFORD, Mark",S000051,1960,,0.686,-0.728,-272.18674,0.78115,1102,132,,0.919,-0.395
114,House,39301,48,6,SC,100,0,1,"CLYBURN, James Enos",C000537,1940,,-0.464,0.254,-92.37955,0.91743,1072,47,,-0.487,0.232
114,House,21177,37,1,SD,200,0.941815361,1,"NOEM, Kristi",N000184,1971,,0.398,0.326,-113.04443,0.90259,1103,58,,0.417,0.353
114,House,15019,54,5,TN,100,0.775557264,1,"COOPER, James Hayes Shofner",C000754,1954,,-0.162,-0.031,-362.01764,0.72128,1108,143,,-0.171,0.026
114,House,15455,54,2,TN,200,0.861196319,1,"DUNCAN, John J., Jr.",D000533,1947,,0.604,-0.476,-351.9388,0.72787,1108,132,,0.919,-0.395
114,House,20351,54,7,TN,200,0.941451991,1,"BLACKBURN, Marsha",B001243,1952,,0.618,0.131,-73.18118,0.93535,1095,23,,0.668,0.172
114,House,20748,54,9,TN,100,0.861801242,1,"COHEN, Stephen",C001068,1949,,-0.4,-0.352,-120.36321,0.89608,1097,49,,-0.343,-0.489
114,House,20947,54,1,TN,200,0.946192053,1,"ROE, David P. (Phil)",R000582,1945,,0.486,0.023,-82.36933,0.92293,1027,34,,0.578,0.056
114,House,21178,54,3,TN,200,0.938262195,1,"FLEISCHMANN, Chuck",F000459,1962,,0.457,0.308,-90.19273,0.92256,1119,44,,0.488,0.395
114,House,21179,54,4,TN,200,0.91141261,1,"DESJARLAIS, Scott",D000616,1964,,0.581,-0.089,-124.86476,0.89063,1078,52,,0.703,-0.336
114,House,21180,54,6,TN,200,0.961447679,1,"BLACK, Diane",B001273,1951,,0.58,0.219,-72.9603,0.93403,1069,22,,0.623,0.289
114,House,21181,54,8,TN,200,0.938712972,1,"FINCHER, Stephen Lee",F000458,1973,,0.526,0.181,-99.54881,0.889,845,43,,0.5,0.107
114,House,15085,49,6,TX,200,0.9328125,1,"BARTON, Joe Linus",B000213,1949,,0.528,0.047,-112.83661,0.90242,1099,49,,0.489,0.184
114,House,15445,49,21,TX,200,0.948342328,1,"SMITH, Lamar Seeligson",S000583,1947,,0.425,0.061,-109.8227,0.90564,1108,48,,0.57,0.244
114,House,20139,49,7,TX,200,0.942811755,1,"CULBERSON, John",C001048,1956,,0.503,0.366,-123.50565,0.89118,1072,54,,0.515,0.241
114,House,20352,49,5,TX,200,0.9510329,1,"HENSARLING, Jeb",H001036,1957,,0.703,0.04,-77.32516,0.93288,1113,29,,0.641,0.206
114,House,20353,49,19,TX,200,0.938977879,1,"NEUGEBAUER, Randy",N000182,1949,,0.628,0.322,-79.75961,0.931,1117,32,,0.665,0.158
114,House,20355,49,26,TX,200,0.89581749,1,"BURGESS, Michael C.",B001248,1950,,0.577,-0.214,-167.77603,0.86088,1120,86,,0.671,-0.452
114,House,20356,49,31,TX,200,0.949675325,1,"CARTER, John R.",C001051,1941,,0.473,0.607,-84.42809,0.92288,1052,48,,0.48,0.877
114,House,20527,49,1,TX,200,0.878859857,1,"GOHMERT, Louie",G000552,1953,,0.624,-0.332,-157.7233,0.86271,1068,66,,0.724,-0.438
114,House,20528,49,2,TX,200,0.894308943,1,"POE, Ted",P000592,1948,,0.594,-0.029,-154.06585,0.85116,956,72,,0.537,-0.192
114,House,20529,49,9,TX,100,0.868012422,1,"GREEN, Al",G000553,1947,,-0.438,0.312,-130.82405,0.8871,1092,62,,-0.469,0.33
114,House,20530,49,10,TX,200,0.952895753,1,"McCAUL, Michael T.",M001157,1962,,0.436,0.089,-108.26169,0.90691,1108,43,,0.505,0.318
114,House,20531,49,11,TX,200,0.947806354,1,"CONAWAY, K. Michael",C001062,1948,,0.591,0.368,-84.2671,0.92783,1125,33,,0.582,0.296
114,House,20532,49,24,TX,200,0.926769731,1,"MARCHANT, Kenny",M001158,1951,,0.601,0.153,-98.00301,0.91232,1068,44,,0.634,0.063
114,House,20533,49,28,TX,100,0.681318681,1,"CUELLAR, Henry",C001063,1955,,-0.227,0.623,-291.65767,0.76467,1087,124,,-0.24,0.765
114,House,20948,49,22,TX,200,0.951426369,1,"OLSON, Pete",O000168,1962,,0.549,0.309,-69.52831,0.93918,1108,21,,0.602,0.249
114,House,21182,49,17,TX,200,0.937548188,1,"FLORES, Bill",F000461,1954,,0.573,0.281,-76.85068,0.93317,1111,40,,0.61,0.29
114,House,21184,49,27,TX,200,0.924311927,1,"FARENTHOLD, Blake",F000460,1961,,0.548,0.016,-134.64619,0.88673,1120,64,,0.585,-0.133
114,House,21360,49,14,TX,200,0.895738204,1,"WEBER, Randy",W000814,1953,,0.709,0.035,-169.60216,0.85971,1122,72,,0.644,-0.153
114,House,21361,49,16,TX,100,0.864779874,1,"O'ROURKE, Beto",O000170,1972,,-0.304,-0.331,-127.65371,0.88724,1067,45,,-0.299,-0.285
114,House,21362,49,20,TX,100,0.882163035,1,"CASTRO, Joaquin",C001091,1974,,-0.398,-0.015,-85.44937,0.92156,1046,28,,-0.418,0.015
114,House,21364,49,25,TX,200,0.935379645,1,"WILLIAMS, Roger",W000816,1949,,0.588,0.091,-83.9741,0.92349,1055,33,,0.614,0.208
114,House,21365,49,33,TX,100,0.854642314,1,"VEASEY, Marc",V000131,1971,,-0.403,0.286,-146.68471,0.87632,1111,78,,-0.391,0.264
114,House,21366,49,34,TX,100,0.797517455,1,"VELA, Filemon",V000132,1963,,-0.312,0.415,-229.15393,0.81241,1103,103,,-0.321,0.424
114,House,21549,49,4,TX,200,0.922374429,1,"RATCLIFFE, John",R000601,1965,,0.693,0.113,-85.91742,0.92635,1123,42,,0.737,0.082
114,House,21550,49,23,TX,200,0.93631539,1,"HURD, William Ballard",H001073,1977,,0.292,0.226,-134.37316,0.88723,1123,66,,0.414,0.213
114,House,21551,49,36,TX,200,0.926640927,1,"BABIN, Brian",B001291,1948,,0.698,0.13,-87.62115,0.9241,1110,43,,0.713,0.064
114,House,29143,49,3,TX,200,0.93812709,1,"JOHNSON, Sam",J000174,1930,,0.61,0.277,-73.39637,0.9309,1025,30,,0.658,0.125
114,House,29571,49,35,TX,100,0.871066769,1,"DOGGETT, Lloyd Alton, II",D000399,1946,,-0.403,-0.313,-129.70715,0.89,1113,48,,-0.401,-0.215
114,House,29572,49,13,TX,200,0.950381679,1,"THORNBERRY, William McClellan (Mac)",T000238,1958,,0.525,0.309,-94.68942,0.91872,1117,42,,0.442,0.807
114,House,29573,49,18,TX,100,0.884325231,1,"JACKSON LEE, Sheila",J000032,1950,,-0.46,0.129,-121.66206,0.88534,999,47,,-0.484,0.214
114,House,29759,49,32,TX,200,0.948382126,1,"SESSIONS, Pete",S000250,1955,,0.585,0.174,-74.57383,0.93474,1105,26,,0.6,0.384
114,House,29760,49,8,TX,200,0.95806962,1,"BRADY, Kevin Patrick",B000755,1955,,0.524,0.217,-70.50205,0.93675,1079,27,,0.518,0.51
114,House,29762,49,12,TX,200,0.945572705,1,"GRANGER, Kay",G000377,1943,,0.397,0.239,-94.88151,0.91383,1053,41,,0.393,0.82
114,House,29763,49,15,TX,100,0.874882408,1,"HINOJOSA, Rubén",H000636,1940,,-0.34,0.235,-128.93825,0.863,873,51,,-0.397,0.189
114,House,39304,49,29,TX,100,0,1,"GREEN, Raymond Eugene (Gene)",G000410,1947,,-0.324,0.453,-275.63,0.77438,1078,121,,-0.353,0.465
114,House,39305,49,30,TX,100,0,1,"JOHNSON, Eddie Bernice",J000126,1935,,-0.485,0.204,-126.2908,0.88575,1041,57,,-0.529,0.245
114,House,20357,67,1,UT,200,0.945063694,1,"BISHOP, Robert (Rob)",B001250,1951,,0.536,0.101,-119.78587,0.89428,1072,40,,0.529,0.107
114,House,20949,67,3,UT,200,0.93520687,1,"CHAFFETZ, Jason",C001076,1967,,0.647,-0.278,-149.04672,0.87098,1079,71,,0.567,-0.194
114,House,21367,67,2,UT,200,0.948717949,1,"STEWART, Chris",S001192,1960,,0.528,0.152,-106.97248,0.90693,1095,38,,0.548,0.112
114,House,21552,67,4,UT,200,0.937548188,1,"LOVE, Ludmya Bourdeau (Mia)",L000584,1975,,0.542,-0.056,-106.21871,0.90859,1108,45,,0.582,-0.058
114,House,20750,6,1,VT,100,0.868522815,1,"WELCH, Peter",W000800,1947,,-0.409,-0.35,-122.55995,0.89411,1095,52,,-0.405,-0.506
114,House,20143,40,4,VA,200,0.945499587,1,"FORBES, J. Randy",F000445,1952,,0.407,0.218,-99.8446,0.909,1041,48,,0.506,0.19
114,House,20756,40,1,VA,200,0.937260903,1,"WITTMAN, Robert J.",W000804,1959,,0.444,-0.019,-141.53239,0.88119,1119,62,,0.555,-0.018
114,House,20952,40,11,VA,100,0.856273764,1,"CONNOLLY, Gerald E. (Gerry)",C001078,1950,,-0.306,-0.014,-121.71409,0.89685,1118,58,,-0.308,-0.074
114,House,21185,40,2,VA,200,0.90625,1,"RIGELL, E. Scott",R000589,1960,,0.405,-0.084,-184.52576,0.848,1116,81,,0.336,0.041
114,House,21186,40,5,VA,200,0.941823899,1,"HURT, Robert",H001060,1969,,0.568,0,-107.94951,0.905,1085,39,,0.57,-0.113
114,House,21191,40,9,VA,200,0.884644767,1,"GRIFFITH, H. Morgan",G000568,1958,,0.552,-0.436,-244.574,0.80273,1113,114,,0.565,-0.516
114,House,21553,40,7,VA,200,0.902821317,1,"BRAT, David A.",B001290,1964,,0.829,-0.325,-115.53826,0.89872,1082,38,,0.846,-0.302
114,House,21554,40,8,VA,100,0.877535101,1,"BEYER, Donald Sternoff Jr.",B001292,1950,,-0.386,-0.045,-112.36024,0.9018,1087,45,,-0.363,-0.147
114,House,21555,40,10,VA,200,0.931643625,1,"COMSTOCK, Barbara J.",C001105,1959,,0.276,0.389,-110.45449,0.90536,1111,37,,0.269,0.542
114,House,39307,40,3,VA,100,0,1,"SCOTT, Robert C.",S000185,1947,,-0.45,0.015,-87.95757,0.92415,1115,23,,-0.456,-0.004
114,House,39308,40,6,VA,200,0,1,"GOODLATTE, Robert William",G000289,1952,,0.496,-0.002,-102.44023,0.91207,1113,36,,0.565,0.139
114,House,15613,73,7,WA,100,0.856132075,1,"McDERMOTT, James A.",M000404,1936,,-0.666,-0.197,-108.50771,0.905,1083,51,,-0.492,-0.559
114,House,20145,73,2,WA,100,0.865853659,1,"LARSEN, Richard Ray (Rick)",L000560,1965,,-0.364,0.19,-138.63301,0.88328,1117,60,,-0.346,0.048
114,House,20535,73,5,WA,200,0.95281583,1,"McMORRIS RODGERS, Cathy",M001159,1969,,0.425,0.115,-95.78267,0.91782,1117,33,,0.434,0.254
114,House,20536,73,8,WA,200,0.864673485,1,"REICHERT, David G.",R000578,1950,,0.224,-0.146,-246.12425,0.79771,1089,110,,0.225,-0.045
114,House,21187,73,3,WA,200,0.895145631,1,"HERRERA BEUTLER, Jaime",H001056,1978,,0.359,-0.192,-169.97973,0.82435,880,81,,0.383,-0.238
114,House,21368,73,6,WA,100,0.854435178,1,"KILMER, Derek",K000381,1974,,-0.309,-0.009,-107.14572,0.90908,1124,56,,-0.298,-0.094
114,House,21369,73,10,WA,100,0.868441065,1,"HECK, Denny",H001064,1952,,-0.311,-0.127,-101.48197,0.91345,1121,39,,-0.325,-0.041
114,House,21556,73,4,WA,200,0.920030465,1,"NEWHOUSE, Daniel Milton",N000189,1955,,0.349,0.234,-126.51625,0.89319,1120,55,,0.369,0.192
114,House,29768,73,9,WA,100,0.875232775,1,"SMITH, Adam",S000510,1965,,-0.284,-0.161,-121.32309,0.87454,905,44,,-0.467,0.095
114,House,31101,73,1,WA,100,0,1,"DelBENE, Suzan K.",D000617,1962,,-0.281,-0.229,-104.77968,0.91084,1122,43,,-0.309,-0.187
114,House,21188,56,1,WV,200,0.910823171,1,"McKINLEY, David",M001180,1947,,0.3,0.19,-187.55868,0.84543,1117,88,,0.331,0.095
114,House,21557,56,2,WV,200,0.912307692,1,"MOONEY, Alex X.",M001195,1971,,0.577,-0.289,-158.33339,0.86762,1115,67,,0.563,-0.224
114,House,21558,56,3,WV,200,0.910276074,1,"JENKINS, Evan H.",J000297,1960,,0.315,0.308,-116.70115,0.90037,1112,65,,0.307,0.286
114,House,14657,25,5,WI,200,0.894856278,1,"SENSENBRENNER, Frank James, Jr.",S000244,1943,,0.638,-0.581,-190.9489,0.84389,1125,86,,0.667,-0.538
114,House,20537,25,4,WI,100,0.885365854,1,"MOORE, Gwendolynne S. (Gwen)",M001160,1951,,-0.529,-0.249,-84.6561,0.92226,1046,38,,-0.475,-0.285
114,House,21189,25,7,WI,200,0.931691819,1,"DUFFY, Sean",D000614,1971,,0.511,-0.109,-127.25011,0.88797,1071,52,,0.524,-0.116
114,House,21190,25,8,WI,200,0.900858704,1,"RIBBLE, Reid",R000587,1956,,0.603,-0.333,-208.95525,0.827,1099,84,,0.539,-0.341
114,House,21370,25,2,WI,100,0.88003096,1,"POCAN, Mark",P000607,1964,,-0.541,-0.539,-53.15181,0.95275,1098,29,,-0.547,-0.419
114,House,21559,25,6,WI,200,0.910755149,1,"GROTHMAN, Glenn",G000576,1955,,0.615,-0.288,-157.31775,0.86808,1112,69,,0.591,-0.236
114,House,29769,25,3,WI,100,0.825079872,1,"KIND, Ron",K000188,1963,,-0.262,-0.082,-199.58004,0.82984,1070,93,,-0.251,-0.079
114,House,29939,25,1,WI,200,0.972270364,1,"RYAN, Paul D.",R000570,1970,,0.556,-0.25,-62.71176,0.88514,514,21,,0.485,0.163
114,House,20953,68,1,WY,200,0.897058824,1,"LUMMIS, Cynthia M.",L000571,1954,,0.675,-0.357,-159.92233,0.865,1107,73,,0.717,-0.496
