congress,chamber,icpsr,state_icpsr,district_code,state_abbrev,party_code,occupancy,last_means,bioname,bioguide_id,born,died,nominate_dim1,nominate_dim2,nominate_log_likelihood,nominate_geo_mean_probability,nominate_number_of_votes,nominate_number_of_errors,conditional,nokken_poole_dim1,nokken_poole_dim2
109,President,99910,99,0,USA,200,0,0,"BUSH, George Walker",,1946,,0.693,-0.539,-34.04608,0.81,162,13,,,
109,House,20300,41,1,AL,200,0,1,"BONNER, Jr., Josiah Robins (Jo)",B001244,1959,,0.367,0.513,-128.58366,0.863,875,43,,0.382,0.239
109,House,20301,41,3,AL,200,0,1,"ROGERS, Mike Dennis",R000575,1958,,0.354,0.459,-131.86088,0.85861,865,47,,0.345,0.351
109,House,20302,41,7,AL,100,0,1,"DAVIS, Artur",D000602,1967,,-0.27,0.454,-180.78533,0.815,885,80,,-0.254,0.342
109,House,29100,41,5,AL,100,0,1,"CRAMER, Robert E. (Bud), Jr.",C000868,1947,,-0.132,0.612,-216.72551,0.779,869,102,,-0.1,0.581
109,House,29300,41,2,AL,200,0,1,"EVERETT, Robert Terry",E000268,1937,,0.414,0.528,-151.6354,0.839,864,64,,0.463,0.131
109,House,29301,41,6,AL,200,0,1,"BACHUS, Spencer T., III",B000013,1947,,0.387,0.228,-127.94195,0.862,860,50,,0.437,0.163
109,House,29701,41,4,AL,200,0,1,"ADERHOLT, Robert",A000055,1965,,0.368,0.594,-138.14004,0.85653,892,54,,0.384,0.243
109,House,14066,81,1,AK,200,0,1,"YOUNG, Donald Edwin",Y000033,1933,,0.284,0.022,-218.99079,0.76785,829,87,,0.367,-0.047
109,House,15105,61,8,AZ,200,0,1,"KOLBE, James Thomas",K000306,1942,,0.351,-0.534,-273.67698,0.725,850,119,,0.411,-0.463
109,House,20100,61,6,AZ,200,0,1,"FLAKE, Jeff",F000444,1962,,0.855,-0.518,-277.76182,0.7229,856,119,,0.935,-0.354
109,House,20303,61,1,AZ,200,0,1,"RENZI, Rick",R000574,1958,,0.265,0.199,-182.52464,0.815,890,84,,0.273,0.202
109,House,20304,61,2,AZ,200,0,1,"FRANKS, Trent",F000448,1957,,0.749,0.087,-129.38582,0.86283,877,54,,0.825,0.009
109,House,20305,61,7,AZ,100,0,1,"GRIJALVA, Raúl M.",G000551,1948,,-0.599,-0.256,-120.54126,0.87226,882,36,,-0.604,-0.269
109,House,29101,61,4,AZ,100,0,1,"PASTOR, Ed",P000099,1943,,-0.421,0.12,-239.36955,0.764,888,109,,-0.485,0.053
109,House,29501,61,3,AZ,200,0,1,"SHADEGG, John B.",S000275,1949,,0.749,0.008,-154.44229,0.837,866,64,,0.789,-0.17
109,House,29502,61,5,AZ,200,0,1,"HAYWORTH, John D., Jr.",H000413,1958,,0.559,-0.018,-195.37937,0.802,885,88,,0.599,-0.207
109,House,20101,42,3,AR,200,0,1,"BOOZMAN, John",B001236,1950,,0.399,0.245,-109.42007,0.88207,872,45,,0.354,0.291
109,House,20102,42,4,AR,100,0,1,"ROSS, Michael Avery",R000573,1961,,-0.201,0.89,-181.75219,0.809,856,78,,-0.273,0.779
109,House,29702,42,1,AR,100,0,1,"BERRY, Robert Marion",B000420,1942,,-0.293,0.956,-231.08825,0.771,890,99,,-0.315,0.949
109,House,29703,42,2,AR,100,0,1,"SNYDER, Victor F.",S000672,1947,,-0.268,0.055,-194.88794,0.794,845,91,,-0.256,0.058
109,House,14053,71,13,CA,100,0,1,"STARK, Fortney Hillman (Pete), Jr.",S000810,1931,,-0.631,-0.605,-114.73531,0.871,830,35,,-0.753,-0.658
109,House,14256,71,7,CA,100,0,1,"MILLER, George",M000725,1945,,-0.552,-0.398,-113.51795,0.878,872,53,,-0.56,-0.399
109,House,14280,71,30,CA,100,0,1,"WAXMAN, Henry Arnold",W000215,1939,,-0.473,-0.343,-119.30479,0.87,857,48,,-0.476,-0.457
109,House,14644,71,41,CA,200,0,1,"LEWIS, Charles Jeremy (Jerry)",L000274,1934,,0.348,-0.101,-145.6826,0.848,881,55,,0.367,-0.049
109,House,14647,71,3,CA,200,0,1,"LUNGREN, Daniel Edward",L000517,1946,,0.497,-0.054,-173.18942,0.823,891,73,,0.51,-0.089
109,House,14669,71,22,CA,200,0,1,"THOMAS, William Marshall",T000188,1941,,0.371,-0.277,-169.23329,0.819,845,65,,0.361,-0.143
109,House,14813,71,26,CA,200,0,1,"DREIER, David Timothy",D000492,1952,,0.478,-0.084,-142.71788,0.852,894,63,,0.395,-0.08
109,House,14835,71,52,CA,200,0,1,"HUNTER, Duncan Lee",H000981,1948,,0.47,0.02,-136.66145,0.85,842,66,,0.456,0.182
109,House,14837,71,12,CA,100,0,1,"LANTOS, Thomas Peter",L000090,1928,2008.0,-0.376,-0.033,-104.05984,0.886,863,39,,-0.385,-0.11
109,House,15005,71,28,CA,100,0,1,"BERMAN, Howard Lawrence",B000410,1941,,-0.404,-0.286,-122.45265,0.866,852,45,,-0.374,-0.355
109,House,15413,71,24,CA,200,0,1,"GALLEGLY, Elton W.",G000021,1944,,0.402,-0.1,-107.46653,0.88,843,28,,0.355,0.181
109,House,15420,71,2,CA,200,0,1,"HERGER, Walter William (Wally)",H000528,1945,,0.551,0.117,-121.09815,0.872,884,46,,0.532,0.31
109,House,15448,71,8,CA,100,0,1,"PELOSI, Nancy",P000197,1940,,-0.49,-0.206,-87.21873,0.90387,863,27,,-0.445,-0.318
109,House,15601,71,48,CA,200,1,1,"COX, Charles Christopher",C000830,1952,,0.54,-0.236,-44.31869,0.862,298,18,,0.58,-0.025
109,House,15621,71,46,CA,200,0,1,"ROHRABACHER, Dana",R000409,1947,,0.626,-0.417,-235.40574,0.76667,886,107,,0.662,-0.264
109,House,20103,71,15,CA,100,0,1,"HONDA, Mike",H001034,1941,,-0.529,-0.482,-124.35831,0.868,876,58,,-0.527,-0.34
109,House,20104,71,29,CA,100,0,1,"SCHIFF, Adam",S001150,1960,,-0.349,-0.128,-117.79007,0.87172,858,48,,-0.331,-0.185
109,House,20105,71,32,CA,100,0,1,"SOLIS, Hilda L.",S001153,1957,,-0.508,-0.312,-99.81201,0.892,871,36,,-0.499,-0.408
109,House,20106,71,33,CA,100,0,1,"WATSON, Diane Edith",W000794,1933,,-0.531,-0.351,-106.47339,0.879,827,52,,-0.554,-0.29
109,House,20107,71,49,CA,200,0,1,"ISSA, Darrell",I000056,1953,,0.506,-0.085,-129.97709,0.85805,849,52,,0.426,-0.052
109,House,20108,71,53,CA,100,0,1,"DAVIS, Susan A.",D000598,1944,,-0.344,-0.106,-125.60415,0.8647,864,50,,-0.344,-0.213
109,House,20306,71,18,CA,100,0,1,"CARDOZA, Dennis A.",C001050,1959,,-0.262,0.609,-224.78822,0.77,858,109,,-0.245,0.437
109,House,20307,71,21,CA,200,0,1,"NUNES, Devin",N000181,1973,,0.449,0.214,-116.05977,0.87525,871,44,,0.381,0.154
109,House,20310,71,39,CA,100,0,1,"SÁNCHEZ, Linda T.",S001156,1969,,-0.508,-0.137,-105.80733,0.88695,882,35,,-0.485,-0.326
109,House,20501,71,20,CA,100,0,1,"COSTA, Jim",C001059,1952,,-0.191,0.466,-205.721,0.78812,864,101,,-0.233,0.432
109,House,20538,71,5,CA,100,2,2,"MATSUI, Doris",M001163,1944,,-0.434,-0.161,-97.68232,0.89083,845,35,,-0.426,-0.257
109,House,20539,71,48,CA,200,2,2,"CAMPBELL, John (of California)",C001064,1955,,0.748,-0.415,-106.91094,0.786,445,48,,0.626,-0.102
109,House,29104,71,4,CA,200,0,1,"DOOLITTLE, John Taylor",D000429,1950,,0.519,0.156,-137.90746,0.852,864,58,,0.415,0.417
109,House,29106,71,35,CA,100,0,1,"WATERS, Maxine",W000187,1938,,-0.653,-0.072,-135.50906,0.84987,833,53,,-0.621,-0.087
109,House,29107,71,50,CA,200,1,1,"CUNNINGHAM, Randall (Duke)",C000994,1941,,0.411,0.001,-57.3462,0.869,410,21,,0.324,0.027
109,House,29309,71,6,CA,100,0,1,"WOOLSEY, Lynn C.",W000738,1937,,-0.556,-0.529,-98.55387,0.893,875,37,,-0.647,-0.67
109,House,29311,71,11,CA,200,0,1,"POMBO, Richard William",P000419,1961,,0.461,0.469,-157.16921,0.833,858,61,,0.342,0.251
109,House,29312,71,14,CA,100,0,1,"ESHOO, Anna Georges",E000215,1942,,-0.381,-0.427,-122.50617,0.86738,861,42,,-0.373,-0.493
109,House,29313,71,17,CA,100,0,1,"FARR, Sam",F000030,1941,,-0.455,-0.219,-140.94103,0.852,881,58,,-0.498,-0.38
109,House,29315,71,25,CA,200,0,1,"McKEON, Howard P. (Buck)",M000508,1938,,0.396,0.208,-104.85825,0.887,873,36,,0.374,0.231
109,House,29316,71,31,CA,100,0,1,"BECERRA, Xavier",B000287,1958,,-0.512,-0.283,-93.44702,0.89531,845,34,,-0.471,-0.223
109,House,29317,71,34,CA,100,0,1,"ROYBAL-ALLARD, Lucille",R000486,1941,,-0.47,-0.189,-121.93948,0.86503,841,44,,-0.396,-0.294
109,House,29318,71,36,CA,100,0,1,"HARMAN, Jane L.",H000213,1945,,-0.262,-0.12,-164.82522,0.818,818,56,,-0.291,-0.171
109,House,29321,71,40,CA,200,0,1,"ROYCE, Edward Randall",R000487,1951,,0.657,-0.353,-168.5414,0.82534,878,77,,0.63,-0.216
109,House,29323,71,44,CA,200,0,1,"CALVERT, Ken",C000059,1953,,0.349,0.219,-109.65554,0.88309,882,39,,0.369,0.066
109,House,29325,71,51,CA,100,0,1,"FILNER, Bob",F000116,1942,,-0.652,0.002,-144.93477,0.846,867,67,,-0.566,-0.035
109,House,29504,71,16,CA,100,0,1,"LOFGREN, Zoe",L000397,1947,,-0.402,-0.446,-158.91083,0.83598,887,63,,-0.424,-0.391
109,House,29505,71,19,CA,200,0,1,"RADANOVICH, George P.",R000004,1955,,0.484,0.18,-120.9697,0.867,846,57,,0.482,0.126
109,House,29508,71,50,CA,200,2,2,"BILBRAY, Brian P.",B000461,1951,,0.392,-0.376,-47.53697,0.8,213,24,,0.518,-0.344
109,House,29586,71,37,CA,100,0,1,"MILLENDER-McDONALD, Juanita",M000714,1938,2007.0,-0.438,-0.16,-94.8602,0.885,778,33,,-0.4,-0.227
109,House,29705,71,10,CA,100,0,1,"TAUSCHER, Ellen O'Kane",T000057,1951,,-0.308,-0.169,-137.19665,0.856,883,54,,-0.354,-0.182
109,House,29707,71,27,CA,100,0,1,"SHERMAN, Brad",S000344,1954,,-0.342,-0.147,-141.08128,0.85249,884,59,,-0.368,-0.198
109,House,29709,71,47,CA,100,0,1,"SANCHEZ, Loretta",S000030,1960,,-0.367,0.025,-163.96218,0.827,863,67,,-0.345,-0.117
109,House,29774,71,23,CA,100,0,1,"CAPPS, Lois",C001036,1938,,-0.389,-0.227,-118.48478,0.874,877,44,,-0.452,-0.4
109,House,29775,71,45,CA,200,0,1,"BONO, Mary",B001228,1961,,0.353,-0.218,-181.52935,0.804,832,75,,0.344,-0.287
109,House,29778,71,9,CA,100,0,1,"LEE, Barbara",L000551,1946,,-0.682,-0.588,-87.87111,0.90456,876,27,,-0.679,-0.677
109,House,29901,71,1,CA,100,0,1,"THOMPSON, Michael",T000460,1951,,-0.395,0.065,-208.11574,0.79107,888,83,,-0.373,0.031
109,House,29903,71,38,CA,100,0,1,"NAPOLITANO, Grace Flores",N000179,1936,,-0.448,-0.249,-104.14847,0.8843,847,40,,-0.442,-0.166
109,House,29905,71,42,CA,200,0,1,"MILLER, Gary G.",M001139,1948,,0.478,0.222,-127.81401,0.861,856,45,,0.544,0.244
109,House,29942,71,43,CA,100,0,1,"BACA, Joe",B001234,1947,,-0.349,0.292,-149.88889,0.84,857,61,,-0.35,0.338
109,House,15419,62,5,CO,200,0,1,"HEFLEY, Joel M.",H000444,1935,,0.591,0.13,-310.50174,0.7,870,115,,0.677,0.054
109,House,20311,62,4,CO,200,0,1,"MUSGRAVE, Marilyn N",M001152,1949,,0.565,0.223,-131.62321,0.859,866,54,,0.622,0.201
109,House,20312,62,7,CO,200,0,1,"BEAUPREZ, Bob",B001240,1948,,0.523,-0.102,-153.5455,0.835,853,54,,0.541,-0.045
109,House,20502,62,3,CO,100,0,1,"SALAZAR, John",S001158,1953,,-0.277,0.561,-198.24725,0.797,876,92,,-0.26,0.564
109,House,29710,62,1,CO,100,0,1,"DeGETTE, Diana",D000197,1957,,-0.432,-0.315,-127.95281,0.86338,871,49,,-0.418,-0.358
109,House,29906,62,2,CO,100,0,1,"UDALL, Mark",U000038,1950,,-0.353,0.049,-210.66996,0.788,886,94,,-0.37,0.139
109,House,29907,62,6,CO,200,0,1,"TANCREDO, Thomas G.",T000458,1945,,0.75,-0.022,-225.72168,0.767,851,97,,0.791,-0.189
109,House,15028,1,5,CT,200,0,1,"JOHNSON, Nancy Lee",J000163,1935,,0.122,-0.513,-226.98958,0.773,880,94,,0.224,-0.633
109,House,15449,1,4,CT,200,0,1,"SHAYS, Christopher H.",S001144,1945,,0.129,-0.992,-283.2854,0.718,855,131,,0.107,-0.942
109,House,20109,1,2,CT,200,0,1,"SIMMONS, Robert (Rob)",S001152,1943,,0.171,-0.566,-219.26149,0.775,862,97,,0.15,-0.466
109,House,29109,1,3,CT,100,0,1,"DeLAURO, Rosa L.",D000216,1943,,-0.416,-0.12,-99.64604,0.89374,887,42,,-0.431,-0.191
109,House,29908,1,1,CT,100,0,1,"LARSON, John B.",L000557,1948,,-0.398,-0.053,-126.6882,0.85438,805,50,,-0.446,-0.051
109,House,29327,11,1,DE,200,0,1,"CASTLE, Michael Newbold",C000243,1939,,0.229,-0.7,-203.69426,0.789,858,86,,0.252,-0.763
109,House,13047,43,10,FL,200,0,1,"YOUNG, Charles William (Bill)",Y000031,1930,2013.0,0.325,-0.112,-158.75277,0.826,832,71,,0.375,-0.221
109,House,14860,43,22,FL,200,0,1,"SHAW, Eugene Clay, Jr.",S000303,1939,2013.0,0.3,-0.142,-134.33009,0.858,874,50,,0.343,-0.235
109,House,15006,43,9,FL,200,0,1,"BILIRAKIS, Michael",B000463,1930,,0.382,-0.219,-179.5128,0.813,866,86,,0.42,-0.136
109,House,15627,43,6,FL,200,0,1,"STEARNS, Clifford Bundy",S000822,1941,,0.554,-0.075,-212.93479,0.787,887,90,,0.654,-0.13
109,House,15634,43,18,FL,200,0,1,"ROS-LEHTINEN, Ileana",R000435,1952,,0.244,-0.225,-194.35314,0.79388,842,73,,0.329,-0.23
109,House,20110,43,1,FL,200,0,1,"MILLER, Jefferson B. (Jeff)",M001144,1959,,0.633,0.155,-151.39164,0.838,859,64,,0.641,0.138
109,House,20111,43,4,FL,200,0,1,"CRENSHAW, Ander",C001045,1944,,0.333,0.337,-112.4447,0.881,884,40,,0.371,0.09
109,House,20112,43,8,FL,200,0,1,"KELLER, Richard (Ric)",K000361,1964,,0.458,-0.068,-145.23082,0.844,854,74,,0.47,-0.015
109,House,20113,43,12,FL,200,0,1,"PUTNAM, Adam",P000586,1974,,0.414,0.14,-117.29209,0.876,887,38,,0.402,0.17
109,House,20313,43,5,FL,200,0,1,"BROWN-WAITE, Virginia (Ginny)",B001247,1943,,0.36,0.084,-234.54694,0.758,846,110,,0.414,-0.115
109,House,20314,43,13,FL,200,0,1,"HARRIS, Katherine",H001035,1957,,0.452,-0.238,-180.04911,0.802,817,85,,0.469,-0.302
109,House,20315,43,24,FL,200,0,1,"FEENEY, Tom",F000447,1958,,0.641,-0.09,-144.57891,0.844,854,48,,0.689,-0.104
109,House,20316,43,25,FL,200,0,1,"DIAZ-BALART, Mario",D000600,1961,,0.279,0.119,-206.92735,0.77721,821,81,,0.44,-0.232
109,House,20358,43,17,FL,100,0,1,"MEEK, Kendrick B.",M001148,1966,,-0.363,0.108,-142.61658,0.849,869,64,,-0.352,0.103
109,House,20503,43,14,FL,200,0,1,"MACK, Connie, IV",M001155,1967,,0.601,-0.16,-185.69141,0.811,884,80,,0.532,-0.125
109,House,20504,43,20,FL,100,0,1,"WASSERMAN SCHULTZ, Debbie",W000797,1966,,-0.421,0.067,-168.13058,0.82446,871,68,,-0.405,-0.185
109,House,29328,43,3,FL,100,0,1,"BROWN, Corrine",B000911,1946,,-0.429,0.192,-125.93712,0.858,820,44,,-0.416,0.107
109,House,29331,43,7,FL,200,0,1,"MICA, John L.",M000689,1943,,0.453,0.137,-112.04861,0.881,884,43,,0.443,0.218
109,House,29336,43,21,FL,200,0,1,"DIAZ-BALART, Lincoln",D000299,1954,,0.243,-0.105,-192.5509,0.796,845,69,,0.331,-0.213
109,House,29337,43,23,FL,100,0,1,"HASTINGS, Alcee Lamar",H000324,1936,,-0.564,0.158,-158.10793,0.81903,792,67,,-0.588,0.185
109,House,29509,43,15,FL,200,0,1,"WELDON, David Joseph",W000267,1953,,0.471,0.146,-150.68666,0.842,875,64,,0.443,0.192
109,House,29510,43,16,FL,200,0,1,"FOLEY, Mark A.",F000238,1954,,0.311,-0.381,-173.69248,0.813,841,73,,0.294,-0.263
109,House,29713,43,2,FL,100,0,1,"BOYD, F. Allen, Jr.",B000716,1945,,-0.181,0.414,-238.70314,0.753,842,107,,-0.176,0.445
109,House,29714,43,11,FL,100,0,1,"DAVIS, Jim",D000114,1957,,-0.278,0.025,-117.65108,0.846,704,44,,-0.282,-0.069
109,House,29715,43,19,FL,100,0,1,"WEXLER, Robert",W000314,1961,,-0.392,-0.193,-137.59949,0.848,832,52,,-0.379,-0.393
109,House,15431,44,5,GA,100,0,1,"LEWIS, John R.",L000287,1940,,-0.589,-0.221,-92.932,0.88404,754,42,,-0.603,-0.443
109,House,20317,44,3,GA,100,0,1,"MARSHALL, Jim",M001146,1948,,-0.119,0.803,-300.85243,0.707,866,143,,-0.134,0.74
109,House,20319,44,11,GA,200,0,1,"GINGREY, Phil",G000550,1942,,0.561,0.272,-164.87773,0.828,874,67,,0.534,0.18
109,House,20321,44,13,GA,100,0,1,"SCOTT, David",S001157,1945,,-0.302,0.163,-222.84592,0.77403,870,97,,-0.264,0.373
109,House,20505,44,6,GA,200,0,1,"PRICE, Tom",P000591,1954,,0.644,-0.073,-164.27974,0.83023,883,67,,0.622,-0.091
109,House,20506,44,8,GA,200,0,1,"WESTMORELAND, Lynn A.",W000796,1950,,0.672,0.189,-127.17345,0.861,852,45,,0.688,0.249
109,House,20507,44,12,GA,100,0,1,"BARROW, John",B001252,1955,,-0.119,0.46,-347.86565,0.674,882,175,,-0.157,0.528
109,House,29338,44,1,GA,200,0,1,"KINGSTON, Jack",K000220,1955,,0.54,0.302,-135.20267,0.851,838,58,,0.505,0.155
109,House,29339,44,2,GA,100,0,1,"BISHOP, Sanford Dixon, Jr.",B000490,1947,,-0.282,0.464,-205.15196,0.78733,858,100,,-0.228,0.521
109,House,29341,44,7,GA,200,0,1,"LINDER, John Elmer",L000321,1942,,0.559,-0.008,-133.03995,0.857,860,61,,0.619,-0.082
109,House,29344,44,4,GA,100,0,1,"McKINNEY, Cynthia Ann",M000523,1955,,-0.533,-0.583,-177.88147,0.805,821,71,,-0.614,-0.418
109,House,29513,44,9,GA,200,0,1,"NORWOOD, Charles W., Jr.",N000159,1941,2007.0,0.533,0.469,-128.10871,0.857,828,55,,0.634,0.331
109,House,99342,44,10,GA,200,0,1,"DEAL, John Nathan",D000168,1942,,0.581,0.139,-124.87614,0.864,855,53,,0.641,0.162
109,House,15245,82,1,HI,100,0,1,"ABERCROMBIE, Neil",A000014,1938,,-0.432,-0.026,-273.43039,0.731,871,100,,-0.443,-0.057
109,House,20322,82,2,HI,100,2,2,"CASE, Ed",C001055,1952,,-0.201,-0.131,-268.73461,0.72648,841,119,,-0.186,-0.142
109,House,20114,63,1,ID,200,0,1,"OTTER, C. L. (Butch)",O000166,1942,,0.692,0.057,-327.60533,0.687,873,117,,0.738,-0.082
109,House,29910,63,2,ID,200,0,1,"SIMPSON, Michael K.",S001148,1950,,0.297,0.284,-156.57079,0.83599,874,59,,0.334,0.286
109,House,14239,21,6,IL,200,0,1,"HYDE, Henry John",H001022,1924,2007.0,0.312,-0.18,-136.00309,0.84,782,51,,0.38,-0.019
109,House,15023,21,17,IL,100,0,1,"EVANS, Lane Allen",E000250,1951,2014.0,-0.454,-0.181,-78.83448,0.856,507,31,,-0.422,-0.071
109,House,15417,21,14,IL,200,0,1,"HASTERT, John Dennis",H000323,1942,,0.443,-0.122,-6.45025,0.938,101,1,,0.484,0.117
109,House,15453,21,12,IL,100,0,1,"COSTELLO, Jerry Francis",C000794,1949,,-0.317,0.657,-260.56892,0.743,876,120,,-0.39,0.676
109,House,20115,21,10,IL,200,0,1,"KIRK, Mark Steven",K000360,1959,,0.274,-0.647,-182.76125,0.812,877,68,,0.275,-0.728
109,House,20116,21,15,IL,200,0,1,"JOHNSON, Timothy V.",J000285,1946,,0.264,-0.52,-281.846,0.725,876,128,,0.194,-0.336
109,House,20323,21,5,IL,100,0,1,"EMANUEL, Rahm",E000287,1959,,-0.372,-0.131,-144.77694,0.845,859,66,,-0.359,-0.177
109,House,20508,21,3,IL,100,0,1,"LIPINSKI, Daniel",L000563,1966,,-0.229,0.178,-195.89915,0.80163,886,81,,-0.294,0.3
109,House,20509,21,8,IL,100,0,1,"BEAN, Melissa L.",B001253,1962,,-0.155,-0.063,-400.81206,0.637,890,130,,-0.174,-0.019
109,House,29346,21,1,IL,100,0,1,"RUSH, Bobby L.",R000515,1946,,-0.478,-0.203,-169.77028,0.81876,849,65,,-0.468,-0.047
109,House,29348,21,4,IL,100,0,1,"GUTIÉRREZ, Luis V.",G000535,1953,,-0.487,-0.26,-123.79177,0.85547,793,45,,-0.482,-0.447
109,House,29349,21,16,IL,200,0,1,"MANZULLO, Donald A.",M001138,1944,,0.51,0.0,-164.93387,0.821,838,62,,0.497,-0.026
109,House,29516,21,11,IL,200,0,1,"WELLER, Gerald C. (Jerry)",W000273,1957,,0.288,0.2,-164.43774,0.829,877,73,,0.318,-0.009
109,House,29517,21,18,IL,200,0,1,"LaHOOD, Ray H.",L000552,1945,,0.246,-0.076,-185.70168,0.806,860,66,,0.281,-0.099
109,House,29585,21,2,IL,100,0,1,"JACKSON, Jesse L., Jr.",J000283,1965,,-0.538,-0.513,-140.02196,0.855,893,62,,-0.52,-0.416
109,House,29717,21,7,IL,100,0,1,"DAVIS, Danny K.",D000096,1941,,-0.486,-0.264,-141.9833,0.8455,846,59,,-0.489,-0.158
109,House,29718,21,19,IL,200,0,1,"SHIMKUS, John M.",S000364,1958,,0.374,0.153,-184.97455,0.80984,877,85,,0.347,0.146
109,House,29911,21,9,IL,100,0,1,"SCHAKOWSKY, Janice D.",S001145,1944,,-0.606,-0.269,-102.66887,0.88917,874,47,,-0.648,-0.346
109,House,29912,21,13,IL,200,0,1,"BIGGERT, Judy Borg",B001232,1937,,0.323,-0.372,-207.09024,0.792,887,86,,0.364,-0.535
109,House,15014,22,5,IN,200,0,1,"BURTON, Danny Lee",B001149,1938,,0.585,-0.026,-147.84296,0.84,847,58,,0.532,0.145
109,House,15124,22,1,IN,100,0,1,"VISCLOSKY, Peter",V000108,1949,,-0.402,0.243,-213.84109,0.7862,889,89,,-0.381,0.204
109,House,20117,22,6,IN,200,0,1,"PENCE, Mike",P000587,1959,,0.655,0.088,-134.78865,0.856,865,54,,0.729,-0.101
109,House,20324,22,2,IN,200,0,1,"CHOCOLA, Chris",C001052,1962,,0.573,-0.164,-137.68483,0.857,890,57,,0.609,-0.212
109,House,20510,22,9,IN,200,0,1,"SODREL, Michael E.",S001160,1945,,0.422,0.249,-121.87517,0.872,891,52,,0.423,0.233
109,House,29350,22,4,IN,200,0,1,"BUYER, Stephen Earle",B001203,1958,,0.435,0.192,-132.48714,0.854,839,52,,0.478,0.316
109,House,29519,22,3,IN,200,0,1,"SOUDER, Mark Edward",S001143,1950,,0.435,-0.011,-165.14312,0.828,875,61,,0.388,0.155
109,House,29520,22,8,IN,200,0,1,"HOSTETTLER, John Nathan",H000807,1961,,0.705,0.077,-331.36706,0.687,882,122,,0.62,0.17
109,House,29720,22,7,IN,100,0,1,"CARSON, Julia May",C000191,1938,2007.0,-0.464,-0.156,-124.19924,0.862,837,56,,-0.485,-0.093
109,House,14432,31,2,IA,200,0,1,"LEACH, James Albert Smith",L000169,1942,,0.141,-0.79,-332.81478,0.677,853,172,,0.086,-0.612
109,House,20325,31,5,IA,200,0,1,"KING, Steve",K000362,1949,,0.612,0.18,-146.98026,0.84745,888,64,,0.697,0.294
109,House,29118,31,1,IA,200,0,1,"NUSSLE, James Allen",N000172,1960,,0.417,-0.178,-131.52942,0.848,799,45,,0.359,0.05
109,House,29522,31,4,IA,200,0,1,"LATHAM, Thomas",L000111,1948,,0.302,0.308,-143.93622,0.851,892,55,,0.33,0.21
109,House,29721,31,3,IA,100,0,1,"BOSWELL, Leonard L.",B000652,1934,,-0.238,0.289,-196.43716,0.783,805,100,,-0.261,0.476
109,House,29524,32,4,KS,200,0,1,"TIAHRT, Todd",T000260,1951,,0.449,0.341,-147.2986,0.843,863,60,,0.47,0.283
109,House,29722,32,1,KS,200,0,1,"MORAN, Jerry",M000934,1954,,0.414,0.205,-257.31584,0.74721,883,113,,0.341,0.168
109,House,29723,32,2,KS,200,0,1,"RYUN, Jim",R000566,1947,,0.547,0.267,-102.40854,0.891,888,39,,0.53,0.386
109,House,29915,32,3,KS,100,0,1,"MOORE, Dennis",M001140,1945,,-0.267,0.159,-192.77998,0.802,875,82,,-0.254,0.05
109,House,14854,51,5,KY,200,0,1,"ROGERS, Harold Dallas (Hal)",R000395,1937,,0.336,0.109,-127.94177,0.86554,886,47,,0.367,0.125
109,House,20326,51,6,KY,100,0,1,"CHANDLER, A. B. (Ben)",C001058,1959,,-0.232,0.516,-219.54933,0.781,888,111,,-0.25,0.411
109,House,20511,51,4,KY,200,0,1,"DAVIS, Geoffrey C. (Geoff)",D000603,1958,,0.398,0.412,-173.12007,0.822,884,78,,0.392,0.174
109,House,29352,51,2,KY,200,0,1,"LEWIS, Ron",L000293,1946,,0.418,0.417,-131.5618,0.862,883,56,,0.425,0.191
109,House,29525,51,1,KY,200,0,1,"WHITFIELD, Wayne Edward (Ed)",W000413,1943,,0.303,0.182,-178.91726,0.814,868,73,,0.335,-0.012
109,House,29725,51,3,KY,200,0,1,"NORTHUP, Anne Meagher",N000143,1948,,0.335,-0.035,-115.14395,0.874,853,37,,0.352,0.141
109,House,15401,45,6,LA,200,0,1,"BAKER, Richard Hugh",B000072,1948,,0.423,0.022,-130.68066,0.858,852,46,,0.451,0.316
109,House,15451,45,4,LA,200,0,1,"McCRERY, James O., III",M000388,1949,,0.362,0.08,-140.07728,0.851,866,50,,0.394,0.189
109,House,20512,45,1,LA,200,0,1,"JINDAL, Bobby",J000287,1971,,0.388,-0.04,-218.15738,0.78,880,103,,0.453,0.051
109,House,20513,45,3,LA,100,0,1,"MELANCON, Charles J.",M001161,1947,,-0.178,0.798,-242.25251,0.756,868,96,,-0.171,0.79
109,House,20514,45,7,LA,200,0,1,"BOUSTANY, Charles W.",B001255,1956,,0.392,0.308,-130.73175,0.862,877,56,,0.344,0.236
109,House,29120,45,2,LA,100,0,1,"JEFFERSON, William Jennings",J000070,1947,,-0.424,0.242,-200.06569,0.786,832,81,,-0.373,0.33
109,House,90327,45,5,LA,200,0,1,"ALEXANDER, Rodney",A000361,1946,,0.331,0.408,-111.02623,0.883,889,40,,0.376,0.189
109,House,20328,2,2,ME,100,0,1,"MICHAUD, Michael H.",M001149,1955,,-0.283,-0.071,-205.75264,0.793,888,81,,-0.364,0.056
109,House,29728,2,1,ME,100,0,1,"ALLEN, Thomas H.",A000357,1945,,-0.4,-0.105,-130.78999,0.863,886,56,,-0.374,-0.208
109,House,14873,52,5,MD,100,0,1,"HOYER, Steny Hamilton",H000874,1939,,-0.38,0.117,-140.70796,0.85254,882,60,,-0.343,-0.059
109,House,15408,52,3,MD,100,0,1,"CARDIN, Benjamin Louis",C000141,1943,,-0.321,-0.229,-108.44728,0.88178,862,36,,-0.336,-0.211
109,House,20329,52,2,MD,100,0,1,"RUPPERSBERGER, C. A. (Dutch)",R000576,1946,,-0.295,0.133,-164.59241,0.82817,873,68,,-0.261,0.045
109,House,20330,52,8,MD,100,0,1,"VAN HOLLEN, Christopher",V000128,1959,,-0.39,-0.196,-107.666,0.88618,891,37,,-0.371,-0.327
109,House,29122,52,1,MD,200,0,1,"GILCHREST, Wayne Thomas",G000180,1946,,0.204,-0.563,-209.07707,0.787,871,91,,0.241,-0.612
109,House,29355,52,4,MD,100,0,1,"WYNN, Albert Russell",W000784,1951,,-0.38,0.038,-219.83661,0.778,877,96,,-0.321,0.074
109,House,29356,52,6,MD,200,0,1,"BARTLETT, Roscoe Gardner",B000208,1926,,0.493,-0.091,-331.5152,0.688,885,144,,0.579,-0.48
109,House,29587,52,7,MD,100,0,1,"CUMMINGS, Elijah Eugene",C000984,1951,,-0.438,-0.148,-125.26899,0.86675,876,44,,-0.41,-0.124
109,House,14435,3,7,MA,100,0,1,"MARKEY, Edward John",M000133,1946,,-0.511,-0.45,-114.45671,0.87894,887,37,,-0.538,-0.354
109,House,14824,3,4,MA,100,0,1,"FRANK, Barney",F000339,1940,,-0.499,-0.534,-180.22956,0.815,880,69,,-0.507,-0.636
109,House,15616,3,2,MA,100,0,1,"NEAL, Richard Edmund",N000015,1949,,-0.417,-0.11,-119.10721,0.87024,857,49,,-0.439,-0.272
109,House,20119,3,9,MA,100,0,1,"LYNCH, Stephen F.",L000562,1955,,-0.35,0.039,-198.24389,0.79727,875,87,,-0.377,0.192
109,House,29123,3,1,MA,100,0,1,"OLVER, John Walter",O000085,1936,,-0.577,-0.207,-140.23106,0.852,875,54,,-0.595,-0.164
109,House,29358,3,5,MA,100,0,1,"MEEHAN, Martin Thomas",M000627,1956,,-0.39,-0.539,-118.17654,0.869,841,42,,-0.457,-0.359
109,House,29729,3,3,MA,100,0,1,"McGOVERN, James P.",M000312,1959,,-0.539,-0.3,-104.11525,0.88937,888,42,,-0.53,-0.338
109,House,29730,3,6,MA,100,0,1,"TIERNEY, John F.",T000266,1951,,-0.488,-0.433,-148.08935,0.846,887,60,,-0.492,-0.321
109,House,29731,3,10,MA,100,0,1,"DELAHUNT, Bill",D000210,1941,,-0.495,-0.293,-155.19561,0.832,844,65,,-0.489,-0.196
109,House,29919,3,8,MA,100,0,1,"CAPUANO, Michael Everett",C001037,1952,,-0.58,-0.082,-192.62868,0.8028,877,85,,-0.559,0.06
109,House,2605,23,15,MI,100,0,1,"DINGELL, John David, Jr.",D000355,1926,,-0.448,0.313,-218.28539,0.78,878,99,,-0.452,0.246
109,House,10713,23,14,MI,100,0,1,"CONYERS, John, Jr.",C000714,1929,,-0.658,-0.512,-135.6832,0.85436,862,51,,-0.634,-0.412
109,House,14430,23,5,MI,100,0,1,"KILDEE, Dale Edward",K000172,1929,,-0.385,0.011,-171.00731,0.826,894,65,,-0.404,0.227
109,House,15033,23,12,MI,100,0,1,"LEVIN, Sander Martin",L000263,1931,,-0.379,-0.091,-139.574,0.85545,894,57,,-0.376,-0.1
109,House,15446,23,6,MI,200,0,1,"UPTON, Frederick Stephen",U000031,1953,,0.335,-0.383,-229.81684,0.77332,894,93,,0.261,-0.269
109,House,20120,23,8,MI,200,0,1,"ROGERS, Mike",R000572,1963,,0.4,0.098,-142.85578,0.851,884,74,,0.434,0.079
109,House,20331,23,10,MI,200,0,1,"MILLER, Candice S.",M001150,1954,,0.343,-0.001,-165.91032,0.825,860,68,,0.358,0.027
109,House,20332,23,11,MI,200,0,1,"McCOTTER, Thaddeus George",M001147,1965,,0.335,0.012,-201.55909,0.796,885,92,,0.273,0.093
109,House,20515,23,7,MI,200,0,1,"SCHWARZ, John J. H. (Joe)",S001161,1937,,0.249,-0.282,-178.25411,0.816,875,79,,0.244,-0.254
109,House,29124,23,4,MI,200,0,1,"CAMP, David Lee",C000071,1953,,0.385,-0.048,-118.9947,0.871,864,37,,0.337,0.127
109,House,29360,23,1,MI,100,0,1,"STUPAK, Bart T.",S001045,1952,,-0.396,0.701,-183.08985,0.802,832,75,,-0.412,0.588
109,House,29361,23,2,MI,200,0,1,"HOEKSTRA, Peter",H000676,1953,,0.516,-0.262,-167.73283,0.826,878,72,,0.479,-0.107
109,House,29362,23,3,MI,200,0,1,"EHLERS, Vernon James",E000092,1934,,0.316,-0.622,-252.3083,0.752,884,121,,0.345,-0.708
109,House,29365,23,9,MI,200,0,1,"KNOLLENBERG, Joseph",K000288,1933,,0.366,-0.053,-144.43979,0.849,882,53,,0.381,-0.016
109,House,29733,23,13,MI,100,0,1,"KILPATRICK, Carolyn Cheeks",K000180,1945,,-0.491,-0.172,-135.0934,0.855,863,59,,-0.496,-0.212
109,House,14265,33,8,MN,100,0,1,"OBERSTAR, James Louis",O000006,1934,2014.0,-0.553,0.304,-248.09229,0.745,843,96,,-0.557,0.554
109,House,14656,33,5,MN,100,0,1,"SABO, Martin Olav",S000005,1938,2016.0,-0.516,-0.317,-257.86828,0.744,871,104,,-0.483,0.045
109,House,20121,33,6,MN,200,0,1,"KENNEDY, Mark",K000358,1957,,0.409,0.304,-261.13786,0.742,876,116,,0.382,-0.138
109,House,20122,33,4,MN,100,0,1,"McCOLLUM, Betty",M001143,1954,,-0.418,-0.191,-123.4369,0.86926,881,53,,-0.437,-0.328
109,House,20333,33,2,MN,200,0,1,"KLINE, John",K000363,1947,,0.49,0.154,-143.74973,0.851,894,70,,0.464,0.011
109,House,29126,33,3,MN,200,0,1,"RAMSTAD, James (Jim)",R000033,1946,,0.316,-0.683,-296.22236,0.715,882,144,,0.308,-0.779
109,House,29127,33,7,MN,100,0,1,"PETERSON, Collin Clark",P000258,1944,,-0.148,0.714,-289.95285,0.71983,882,131,,-0.16,0.948
109,House,29532,33,1,MN,200,0,1,"GUTKNECHT, Gilbert W.",G000536,1951,,0.552,0.342,-240.52143,0.762,883,101,,0.596,-0.023
109,House,15637,46,4,MS,100,0,1,"TAYLOR, Gary Eugene (Gene)",T000074,1953,,-0.045,0.893,-562.83016,0.518,855,224,,-0.215,0.977
109,House,29368,46,2,MS,100,0,1,"THOMPSON, Bennie",T000193,1948,,-0.516,0.4,-184.28562,0.81086,879,77,,-0.458,0.471
109,House,29534,46,1,MS,200,0,1,"WICKER, Roger F.",W000437,1951,,0.376,0.348,-111.5952,0.87949,869,40,,0.376,0.316
109,House,29734,46,3,MS,200,0,1,"PICKERING, Charles W. (Chip), Jr.",P000323,1963,,0.342,0.325,-117.3224,0.871,850,43,,0.29,0.272
109,House,14451,34,4,MO,100,0,1,"SKELTON, Isaac Newton, IV (Ike)",S000465,1931,2013.0,-0.172,0.724,-210.82187,0.783,862,94,,-0.232,0.604
109,House,20123,34,2,MO,200,0,1,"AKIN, W. Todd",A000358,1947,,0.612,0.235,-113.09471,0.88,882,45,,0.621,0.137
109,House,20124,34,6,MO,200,0,1,"GRAVES, Samuel",G000546,1963,,0.442,0.174,-144.10594,0.84783,873,63,,0.421,0.404
109,House,20147,34,1,MO,100,0,1,"CLAY, William Lacy, Jr.",C001049,1956,,-0.481,-0.08,-168.23762,0.81673,831,75,,-0.5,0.073
109,House,20516,34,3,MO,100,0,1,"CARNAHAN, Russ",C001060,1958,,-0.347,-0.005,-134.31289,0.86,890,53,,-0.323,-0.019
109,House,20517,34,5,MO,100,0,1,"CLEAVER, Emanuel, II",C001061,1944,,-0.454,0.017,-146.18855,0.84417,863,63,,-0.43,0.017
109,House,29735,34,7,MO,200,0,1,"BLUNT, Roy",B000575,1950,,0.426,0.277,-109.29998,0.88168,868,40,,0.426,0.221
109,House,29736,34,8,MO,200,0,1,"EMERSON, Jo Ann",E000172,1950,,0.269,0.274,-169.90006,0.823,871,71,,0.252,0.204
109,House,29737,34,9,MO,200,0,1,"HULSHOF, Kenny",H000948,1958,,0.363,0.281,-157.95455,0.837,885,66,,0.317,0.28
109,House,20125,64,1,MT,200,0,1,"REHBERG, Denny",R000571,1955,,0.337,0.244,-128.9818,0.865,888,49,,0.37,0.139
109,House,20126,35,3,NE,200,0,1,"OSBORNE, Thomas",O000165,1937,,0.299,0.025,-129.05054,0.861,860,49,,0.302,0.097
109,House,20518,35,1,NE,200,0,1,"FORTENBERRY, Jeff",F000449,1960,,0.301,-0.064,-150.96612,0.84301,884,62,,0.32,0.158
109,House,29921,35,2,NE,200,0,1,"TERRY, Lee Raymond",T000459,1962,,0.426,-0.067,-175.99024,0.819,883,73,,0.463,-0.047
109,House,20334,65,3,NV,200,0,1,"PORTER, Jon C.",P000589,1955,,0.241,-0.071,-219.5805,0.782,893,88,,0.263,0.013
109,House,29739,65,2,NV,200,0,1,"GIBBONS, James A.",G000152,1944,,0.484,-0.088,-246.28583,0.741,823,116,,0.534,-0.279
109,House,29922,65,1,NV,100,0,1,"BERKLEY, Shelley",B001231,1951,,-0.302,0.024,-197.89247,0.794,857,70,,-0.316,-0.106
109,House,20335,4,1,NH,200,0,1,"BRADLEY, Jeb",B001246,1952,,0.371,-0.578,-230.86153,0.772,893,116,,0.399,-0.68
109,House,29538,4,2,NH,200,0,1,"BASS, Charles Foster",B000220,1952,,0.331,-0.556,-230.29656,0.771,884,117,,0.423,-0.751
109,House,14863,12,4,NJ,200,0,1,"SMITH, Christopher Henry",S000522,1953,,0.164,-0.168,-232.38065,0.767,876,108,,0.185,-0.403
109,House,15112,12,3,NJ,200,0,1,"SAXTON, Hugh James",S000097,1943,,0.238,-0.378,-196.15235,0.8,881,77,,0.262,-0.413
109,House,15454,12,6,NJ,100,0,1,"PALLONE, Frank, Jr.",P000034,1951,,-0.404,-0.163,-137.89556,0.85662,891,60,,-0.445,-0.278
109,House,15619,12,10,NJ,100,0,1,"PAYNE, Donald Milford",P000149,1934,2012.0,-0.592,-0.547,-76.08552,0.909,795,28,,-0.637,-0.547
109,House,20127,12,7,NJ,200,0,1,"FERGUSON, Michael",F000443,1970,,0.244,-0.404,-181.33587,0.815,886,61,,0.294,-0.495
109,House,20336,12,5,NJ,200,0,1,"GARRETT, Scott",G000548,1959,,0.688,-0.243,-187.46058,0.809,883,71,,0.73,-0.253
109,House,20542,12,13,NJ,100,2,2,"SIRES, Albio",S001165,1951,,-0.405,0.095,-2.74897,0.85069,17,1,,-0.363,0.088
109,House,29132,12,1,NJ,100,0,1,"ANDREWS, Robert Ernest",A000210,1957,,-0.297,-0.119,-182.87665,0.802,830,76,,-0.338,-0.296
109,House,29373,12,13,NJ,100,1,1,"MENENDEZ, Robert",M000639,1954,,-0.365,-0.117,-83.08228,0.83443,459,43,,-0.351,-0.054
109,House,29539,12,2,NJ,200,0,1,"LoBIONDO, Frank A.",L000554,1946,,0.211,-0.224,-272.83745,0.73699,894,122,,0.211,-0.401
109,House,29541,12,11,NJ,200,0,1,"FRELINGHUYSEN, Rodney P.",F000372,1946,,0.292,-0.262,-174.58445,0.82115,886,78,,0.33,-0.496
109,House,29741,12,8,NJ,100,0,1,"PASCRELL, William J., Jr.",P000096,1937,,-0.366,-0.005,-166.78231,0.82699,878,68,,-0.383,-0.01
109,House,29742,12,9,NJ,100,0,1,"ROTHMAN, Steven",R000462,1952,,-0.352,-0.092,-162.27445,0.824,838,69,,-0.374,-0.228
109,House,29923,12,12,NJ,100,0,1,"HOLT, Rush",H001032,1948,,-0.463,-0.33,-146.82916,0.846,880,63,,-0.482,-0.381
109,House,20337,66,2,NM,200,0,1,"PEARCE, Stevan",P000588,1947,,0.472,0.064,-145.84876,0.84663,876,60,,0.447,0.188
109,House,29779,66,1,NM,200,0,1,"WILSON, Heather",W000789,1960,,0.247,-0.027,-271.38548,0.733,872,106,,0.182,-0.067
109,House,29924,66,3,NM,100,0,1,"UDALL, Thomas (Tom)",U000039,1948,,-0.453,0.162,-179.02344,0.81402,870,79,,-0.49,0.145
109,House,13035,13,15,NY,100,0,1,"RANGEL, Charles B.",R000053,1930,,-0.514,-0.341,-126.96505,0.862,855,57,,-0.488,-0.358
109,House,15000,13,5,NY,100,0,1,"ACKERMAN, Gary Leonard",A000022,1942,,-0.429,-0.165,-144.43058,0.847,872,52,,-0.463,-0.239
109,House,15007,13,24,NY,200,0,1,"BOEHLERT, Sherwood Louis",B000586,1936,,0.103,-0.718,-238.02278,0.76,866,98,,0.193,-0.568
109,House,15050,13,11,NY,100,0,1,"OWENS, Major Robert Odell",O000159,1936,2013.0,-0.569,-0.516,-110.49609,0.88,864,41,,-0.561,-0.38
109,House,15072,13,10,NY,100,0,1,"TOWNS, Edolphus",T000326,1934,,-0.519,-0.132,-214.3073,0.776,845,84,,-0.484,0.155
109,House,15444,13,28,NY,100,0,1,"SLAUGHTER, Louise McIntosh",S000480,1929,2018.0,-0.465,-0.104,-118.698,0.8663,827,48,,-0.475,-0.063
109,House,15603,13,17,NY,100,0,1,"ENGEL, Eliot Lance",E000179,1947,,-0.408,-0.095,-138.13744,0.85457,879,54,,-0.345,-0.213
109,House,15612,13,18,NY,100,0,1,"LOWEY, Nita M.",L000480,1937,,-0.389,-0.155,-108.68596,0.8848,888,40,,-0.417,-0.232
109,House,15614,13,21,NY,100,0,1,"McNULTY, Michael Robert",M000590,1947,,-0.369,0.369,-206.45595,0.789,872,82,,-0.421,0.113
109,House,15630,13,25,NY,200,0,1,"WALSH, James T.",W000099,1947,,0.208,-0.19,-173.72406,0.817,859,66,,0.284,-0.256
109,House,20129,13,2,NY,100,0,1,"ISRAEL, Steve",I000057,1958,,-0.334,-0.051,-153.16618,0.841,886,67,,-0.329,-0.109
109,House,20338,13,1,NY,100,0,1,"BISHOP, Timothy H.",B001242,1950,,-0.338,-0.05,-123.71046,0.869,878,46,,-0.35,-0.135
109,House,20519,13,27,NY,100,0,1,"HIGGINS, Brian",H001038,1959,,-0.347,-0.032,-186.29214,0.80784,873,79,,-0.296,0.084
109,House,20520,13,29,NY,200,0,1,"KUHL, John R. (Randy), Jr.",K000364,1943,,0.277,0.06,-141.05677,0.853,889,63,,0.294,0.052
109,House,29134,13,16,NY,100,0,1,"SERRANO, José E.",S000248,1943,,-0.491,-0.377,-146.28441,0.84572,873,63,,-0.534,-0.355
109,House,29375,13,3,NY,200,0,1,"KING, Peter T.",K000210,1944,,0.259,-0.032,-162.90088,0.83101,880,63,,0.273,-0.105
109,House,29377,13,8,NY,100,0,1,"NADLER, Jerrold Lewis",N000002,1947,,-0.509,-0.505,-115.68813,0.87628,876,45,,-0.542,-0.248
109,House,29378,13,12,NY,100,0,1,"VELÁZQUEZ, Nydia M.",V000081,1953,,-0.547,-0.338,-133.91659,0.85824,876,49,,-0.522,-0.429
109,House,29379,13,14,NY,100,0,1,"MALONEY, Carolyn Bosher",M000087,1946,,-0.387,-0.279,-139.17989,0.85402,882,55,,-0.413,-0.265
109,House,29380,13,22,NY,100,0,1,"HINCHEY, Maurice Dunlea",H000627,1938,,-0.575,-0.007,-139.17978,0.851,865,65,,-0.607,-0.101
109,House,29544,13,19,NY,200,0,1,"KELLY, Sue W.",K000078,1936,,0.231,-0.564,-216.14355,0.78,872,88,,0.247,-0.475
109,House,29744,13,4,NY,100,0,1,"McCARTHY, Carolyn",M000309,1944,,-0.294,-0.04,-127.24847,0.863,866,46,,-0.319,-0.053
109,House,29773,13,13,NY,200,0,1,"FOSSELLA, Vito John",F000440,1965,,0.426,-0.336,-239.35804,0.761,875,112,,0.423,-0.395
109,House,29776,13,6,NY,100,0,1,"MEEKS, Gregory W.",M001137,1953,,-0.413,-0.073,-206.94604,0.78118,838,84,,-0.388,-0.141
109,House,29925,13,7,NY,100,0,1,"CROWLEY, Joseph",C001038,1962,,-0.412,-0.07,-163.7715,0.83001,879,73,,-0.386,-0.04
109,House,29926,13,9,NY,100,0,1,"WEINER, Anthony D.",W000792,1964,,-0.408,-0.371,-113.98428,0.877,872,40,,-0.414,-0.292
109,House,29927,13,20,NY,200,0,1,"SWEENEY, John E.",S001149,1955,,0.249,0.036,-212.46869,0.764,790,89,,0.257,-0.224
109,House,29928,13,26,NY,200,0,1,"REYNOLDS, Thomas M.",R000569,1950,,0.349,0.009,-127.24429,0.861,848,44,,0.337,-0.023
109,House,39316,13,23,NY,200,0,1,"McHUGH, John Michael",M000472,1948,,0.225,-0.063,-171.24019,0.821,868,72,,0.224,0.068
109,House,15092,47,6,NC,200,0,1,"COBLE, Howard",C000556,1931,2015.0,0.52,-0.081,-222.07243,0.775,871,87,,0.546,0.032
109,House,15438,47,4,NC,100,0,1,"PRICE, David Eugene",P000523,1940,,-0.343,-0.031,-150.24385,0.84418,887,55,,-0.354,-0.195
109,House,20340,47,1,NC,100,0,1,"BUTTERFIELD, George Kenneth, Jr. (G.K.)",B001251,1947,,-0.404,0.181,-165.81115,0.82844,881,63,,-0.355,0.214
109,House,20341,47,13,NC,100,0,1,"MILLER, Brad",M001154,1953,,-0.376,0.063,-175.54675,0.821,891,76,,-0.343,-0.02
109,House,20521,47,5,NC,200,0,1,"FOXX, Virginia Ann",F000450,1943,,0.631,0.124,-119.67046,0.87432,891,53,,0.617,0.354
109,House,20522,47,10,NC,200,0,1,"McHENRY, Patrick T.",M001156,1975,,0.552,0.076,-129.85342,0.86237,877,54,,0.684,0.266
109,House,29135,47,11,NC,200,0,1,"TAYLOR, Charles Hart",T000067,1941,,0.488,0.116,-150.68199,0.839,856,67,,0.412,0.248
109,House,29383,47,12,NC,100,0,1,"WATT, Melvin L.",W000207,1945,,-0.526,-0.155,-137.03969,0.855,873,64,,-0.531,-0.271
109,House,29546,47,3,NC,200,0,1,"JONES, Walter Beaman, Jr.",J000255,1943,,0.244,-0.362,-692.49595,0.43591,834,280,,0.226,-0.01
109,House,29549,47,9,NC,200,0,1,"MYRICK, Sue",M001134,1941,,0.56,0.027,-137.4344,0.853,863,61,,0.641,0.012
109,House,29745,47,2,NC,100,0,1,"ETHERIDGE, Bobby R.",E000226,1941,,-0.288,0.288,-176.2146,0.82,888,85,,-0.308,0.35
109,House,29746,47,7,NC,100,0,1,"McINTYRE, Mike",M000485,1956,,-0.148,0.56,-218.22591,0.779,875,92,,-0.196,0.594
109,House,29929,47,8,NC,200,0,1,"HAYES, Robert (Robin)",H001029,1945,,0.351,0.388,-129.03261,0.862,870,47,,0.4,0.407
109,House,29384,36,1,ND,100,0,1,"POMEROY, Earl Ralph, III",P000422,1952,,-0.266,0.339,-212.15268,0.786,879,102,,-0.252,0.429
109,House,14045,24,16,OH,200,0,1,"REGULA, Ralph Straus",R000141,1924,,0.221,-0.223,-163.32874,0.833,893,56,,0.301,-0.106
109,House,14875,24,4,OH,200,0,1,"OXLEY, Michael Garver",O000163,1944,2016.0,0.382,-0.093,-134.02569,0.845,796,50,,0.415,0.068
109,House,15029,24,9,OH,100,0,1,"KAPTUR, Marcia Carolyn (Marcy)",K000009,1946,,-0.35,0.109,-202.23232,0.79195,867,84,,-0.391,0.236
109,House,15604,24,5,OH,200,0,1,"GILLMOR, Paul Eugene",G000210,1939,2007.0,0.254,0.106,-160.88446,0.827,845,58,,0.367,0.009
109,House,20130,24,12,OH,200,0,1,"TIBERI, Patrick (Pat)",T000462,1962,,0.386,-0.026,-172.67081,0.82165,879,74,,0.426,-0.149
109,House,20342,24,3,OH,200,0,1,"TURNER, Michael R.",T000463,1960,,0.27,0.206,-131.45968,0.86225,887,52,,0.305,0.012
109,House,20343,24,17,OH,100,0,1,"RYAN, Timothy J.",R000577,1973,,-0.403,0.214,-174.80857,0.81872,874,76,,-0.385,0.344
109,House,20540,24,2,OH,200,2,2,"SCHMIDT, Jean",S001164,1951,,0.467,-0.1,-78.44954,0.867,549,22,,0.376,0.138
109,House,29136,24,7,OH,200,0,1,"HOBSON, David Lee",H000666,1936,,0.315,-0.229,-146.02572,0.847,882,53,,0.35,-0.027
109,House,29137,24,8,OH,200,0,1,"BOEHNER, John Andrew",B000589,1949,,0.513,0.04,-127.35533,0.864,874,58,,0.407,0.164
109,House,29386,24,2,OH,200,1,1,"PORTMAN, Robert Jones (Rob)",P000449,1955,,0.373,-0.239,-6.26696,0.93483,93,1,,0.383,0.187
109,House,29389,24,13,OH,100,0,1,"BROWN, Sherrod",B000944,1952,,-0.431,-0.118,-149.95303,0.83931,856,64,,-0.41,0.062
109,House,29390,24,15,OH,200,0,1,"PRYCE, Deborah D.",P000555,1951,,0.32,-0.329,-136.26541,0.857,881,39,,0.307,-0.139
109,House,29550,24,1,OH,200,0,1,"CHABOT, Steve",C000266,1953,,0.572,-0.212,-214.65671,0.78441,884,83,,0.563,-0.269
109,House,29552,24,18,OH,200,0,1,"NEY, Robert William",N000081,1954,,0.269,0.116,-158.79471,0.82,801,67,,0.252,0.219
109,House,29553,24,14,OH,200,0,1,"LaTOURETTE, Steven C.",L000553,1954,2016.0,0.211,-0.063,-206.33184,0.787,862,73,,0.228,-0.092
109,House,29747,24,6,OH,100,0,1,"STRICKLAND, Ted",S001004,1941,,-0.384,0.404,-144.02661,0.817,712,64,,-0.396,0.389
109,House,29748,24,10,OH,100,0,1,"KUCINICH, Dennis",K000336,1946,,-0.582,0.024,-204.45933,0.793,883,93,,-0.704,-0.0
109,House,29930,24,11,OH,100,0,1,"JONES, Stephanie Tubbs",J000284,1949,2008.0,-0.521,-0.059,-167.32541,0.82,841,77,,-0.507,0.043
109,House,20131,53,1,OK,200,0,1,"SULLIVAN, John",S001155,1965,,0.513,0.173,-131.97724,0.856,852,58,,0.542,0.058
109,House,20344,53,4,OK,200,0,1,"COLE, Tom",C001053,1949,,0.331,0.359,-120.8717,0.87125,877,45,,0.399,0.28
109,House,20523,53,2,OK,100,0,1,"BOREN, Daniel David",B001254,1973,,-0.112,0.994,-196.13744,0.798,867,76,,-0.101,0.875
109,House,29392,53,5,OK,200,0,1,"ISTOOK, Ernest James, Jr.",I000047,1950,,0.492,0.129,-126.75815,0.848,768,52,,0.557,0.223
109,House,29393,53,3,OK,200,0,1,"LUCAS, Frank D.",L000491,1960,,0.362,0.416,-105.18213,0.88686,876,30,,0.385,0.385
109,House,15410,72,4,OR,100,0,1,"DeFAZIO, Peter Anthony",D000191,1947,,-0.428,0.002,-284.39574,0.72438,882,111,,-0.457,0.415
109,House,29588,72,3,OR,100,0,1,"BLUMENAUER, Earl",B000574,1948,,-0.427,-0.669,-164.99065,0.82357,850,67,,-0.517,-0.579
109,House,29750,72,5,OR,100,0,1,"HOOLEY, Darlene",H000762,1939,,-0.315,-0.075,-155.27771,0.837,873,65,,-0.327,0.011
109,House,29931,72,1,OR,100,0,1,"WU, David",W000793,1955,,-0.37,0.031,-227.38298,0.773,885,99,,-0.44,0.253
109,House,29932,72,2,OR,200,0,1,"WALDEN, Greg",W000791,1957,,0.334,-0.013,-147.09072,0.84735,888,53,,0.321,-0.046
109,House,14072,14,12,PA,100,0,1,"MURTHA, John Patrick, Jr.",M001120,1932,2010.0,-0.265,0.569,-306.96267,0.7,859,150,,-0.219,0.386
109,House,15104,14,11,PA,100,0,1,"KANJORSKI, Paul E.",K000008,1937,,-0.303,0.364,-273.73852,0.728,863,124,,-0.29,0.422
109,House,15447,14,7,PA,200,0,1,"WELDON, Wayne Curtis (Curt)",W000268,1947,,0.232,-0.324,-183.56019,0.807,855,69,,0.202,-0.237
109,House,20133,14,4,PA,200,0,1,"HART, Melissa A.",H001033,1962,,0.39,0.155,-159.03205,0.836,890,69,,0.389,0.103
109,House,20134,14,9,PA,200,0,1,"SHUSTER, William (Bill)",S001154,1961,,0.374,0.323,-146.09989,0.84798,886,65,,0.456,0.472
109,House,20135,14,19,PA,200,0,1,"PLATTS, Todd",P000585,1962,,0.252,-0.15,-263.77648,0.739,872,131,,0.196,-0.199
109,House,20345,14,6,PA,200,0,1,"GERLACH, Jim",G000549,1955,,0.221,-0.107,-223.91393,0.769,852,114,,0.164,-0.275
109,House,20346,14,18,PA,200,0,1,"MURPHY, Timothy",M001151,1952,,0.258,0.198,-145.83641,0.84616,873,57,,0.284,0.106
109,House,20524,14,8,PA,200,0,1,"FITZPATRICK, Michael G.",F000451,1963,,0.202,-0.186,-275.64346,0.728,870,142,,0.151,-0.402
109,House,20525,14,13,PA,100,0,1,"SCHWARTZ, Allyson Y.",S001162,1948,,-0.343,-0.008,-168.27127,0.828,890,69,,-0.324,-0.088
109,House,20526,14,15,PA,200,0,1,"DENT, Charles W.",D000604,1960,,0.244,-0.085,-187.08836,0.81118,894,81,,0.243,-0.191
109,House,29396,14,17,PA,100,0,1,"HOLDEN, Thomas Timothy (Tim)",H000712,1957,,-0.233,0.608,-216.24566,0.779,864,98,,-0.25,0.68
109,House,29559,14,2,PA,100,0,1,"FATTAH, Chaka",F000043,1956,,-0.472,-0.054,-123.30547,0.861,821,50,,-0.441,-0.017
109,House,29561,14,14,PA,100,0,1,"DOYLE, Michael F.",D000482,1953,,-0.33,0.114,-194.51568,0.79862,865,85,,-0.389,0.298
109,House,29563,14,3,PA,200,0,1,"ENGLISH, Philip Sheridan",E000187,1956,,0.251,0.053,-177.0576,0.817,877,67,,0.338,-0.113
109,House,29751,14,5,PA,200,0,1,"PETERSON, John",P000263,1938,,0.34,0.24,-119.29672,0.865,822,40,,0.341,0.217
109,House,29752,14,16,PA,200,0,1,"PITTS, Joseph R.",P000373,1939,,0.538,0.012,-154.32637,0.84,884,69,,0.633,-0.119
109,House,29777,14,1,PA,100,0,1,"BRADY, Robert A.",B001227,1945,,-0.484,0.225,-196.36996,0.79479,855,79,,-0.441,0.278
109,House,29933,14,10,PA,200,0,1,"SHERWOOD, Don",S001146,1941,,0.329,-0.005,-146.25792,0.844,864,58,,0.358,0.019
109,House,20136,5,2,RI,100,0,1,"LANGEVIN, James",L000559,1964,,-0.376,0.108,-156.75862,0.83867,891,68,,-0.346,0.119
109,House,29564,5,1,RI,100,0,1,"KENNEDY, Patrick Joseph",K000113,1967,,-0.409,-0.062,-130.71979,0.847,785,61,,-0.392,-0.092
109,House,15064,48,5,SC,100,0,1,"SPRATT, John McKee, Jr.",S000749,1942,,-0.256,0.255,-171.89592,0.823,880,68,,-0.268,0.215
109,House,20137,48,1,SC,200,0,1,"BROWN, Henry Edward, Jr.",B001235,1935,,0.367,0.24,-113.0357,0.876,853,38,,0.395,0.136
109,House,20138,48,2,SC,200,0,1,"WILSON, Addison Graves (Joe)",W000795,1947,,0.538,0.106,-118.46314,0.87187,864,51,,0.533,0.2
109,House,20347,48,3,SC,200,0,1,"BARRETT, James Gresham",B001239,1961,,0.653,0.062,-118.43396,0.873,875,44,,0.695,0.035
109,House,39300,48,4,SC,200,0,1,"INGLIS, Robert Durden",I000023,1959,,0.518,-0.058,-235.3708,0.766,882,106,,0.571,-0.539
109,House,39301,48,6,SC,100,0,1,"CLYBURN, James Enos",C000537,1940,,-0.464,0.254,-154.08657,0.83803,872,58,,-0.385,0.123
109,House,20349,37,1,SD,100,0,1,"HERSETH SANDLIN, Stephanie",H001037,1970,,-0.184,0.507,-210.22075,0.786,872,94,,-0.244,0.563
109,House,15019,54,5,TN,100,0,1,"COOPER, James Hayes Shofner",C000754,1954,,-0.162,-0.032,-504.88638,0.56009,871,162,,-0.288,0.323
109,House,15100,54,6,TN,100,0,1,"GORDON, Barton Jennings",G000309,1949,,-0.204,0.286,-237.74923,0.762,876,118,,-0.171,0.358
109,House,15455,54,2,TN,200,0,1,"DUNCAN, John J., Jr.",D000533,1947,,0.604,-0.476,-321.95861,0.6898,867,131,,0.72,-0.272
109,House,15628,54,8,TN,100,0,1,"TANNER, John S.",T000038,1944,,-0.182,0.648,-338.73417,0.679,875,143,,-0.26,0.818
109,House,20350,54,4,TN,100,0,1,"DAVIS, Lincoln",D000599,1943,,-0.205,0.854,-236.66773,0.765,882,100,,-0.167,0.813
109,House,20351,54,7,TN,200,0,1,"BLACKBURN, Marsha",B001243,1952,,0.618,0.131,-131.1433,0.86256,887,51,,0.673,-0.022
109,House,29567,54,3,TN,200,0,1,"WAMP, Zachary Paul",W000119,1957,,0.428,0.072,-166.39932,0.828,880,73,,0.414,0.071
109,House,29755,54,1,TN,200,0,1,"JENKINS, William Lewis",J000082,1936,,0.396,0.349,-149.4826,0.84,858,73,,0.458,0.28
109,House,29756,54,9,TN,100,0,1,"FORD, Harold, Jr.",F000262,1970,,-0.359,0.311,-265.77201,0.71,776,111,,-0.315,0.552
109,House,14290,49,14,TX,200,0,1,"PAUL, Ronald Ernest",P000583,1935,,0.863,-0.505,-727.61348,0.416,830,264,,0.879,-0.477
109,House,15049,49,27,TX,100,0,1,"ORTIZ, Solomon P.",O000107,1937,,-0.272,0.712,-178.82089,0.808,838,80,,-0.283,0.702
109,House,15085,49,6,TX,200,0,1,"BARTON, Joe Linus",B000213,1949,,0.528,0.047,-167.41971,0.81949,841,67,,0.519,0.074
109,House,15094,49,22,TX,200,1,1,"DeLAY, Thomas Dale",D000217,1947,,0.593,0.059,-100.22745,0.852,624,53,,0.454,0.222
109,House,15445,49,21,TX,200,0,1,"SMITH, Lamar Seeligson",S000583,1947,,0.425,0.061,-105.88771,0.88441,862,35,,0.379,0.355
109,House,20139,49,7,TX,200,0,1,"CULBERSON, John",C001048,1956,,0.503,0.366,-124.89671,0.86365,852,55,,0.476,0.322
109,House,20352,49,5,TX,200,0,1,"HENSARLING, Jeb",H001036,1957,,0.703,0.04,-145.84119,0.84901,891,65,,0.773,-0.14
109,House,20353,49,19,TX,200,0,1,"NEUGEBAUER, Randy",N000182,1949,,0.628,0.322,-108.58559,0.885,892,42,,0.631,0.336
109,House,20355,49,26,TX,200,0,1,"BURGESS, Michael C.",B001248,1950,,0.577,-0.214,-187.11094,0.80904,883,97,,0.439,0.192
109,House,20356,49,31,TX,200,0,1,"CARTER, John R.",C001051,1941,,0.472,0.609,-120.7368,0.86958,864,54,,0.447,0.368
109,House,20527,49,1,TX,200,0,1,"GOHMERT, Louie",G000552,1953,,0.624,-0.332,-207.94191,0.77955,835,85,,0.557,0.195
109,House,20528,49,2,TX,200,0,1,"POE, Ted",P000592,1948,,0.594,-0.029,-225.55359,0.76954,861,97,,0.549,0.093
109,House,20529,49,9,TX,100,0,1,"GREEN, Al",G000553,1947,,-0.438,0.312,-152.89367,0.84183,888,52,,-0.432,0.291
109,House,20530,49,10,TX,200,0,1,"McCAUL, Michael T.",M001157,1962,,0.436,0.089,-134.02986,0.85813,876,54,,0.38,0.223
109,House,20531,49,11,TX,200,0,1,"CONAWAY, K. Michael",C001062,1948,,0.591,0.368,-147.02544,0.84286,860,60,,0.482,0.322
109,House,20532,49,24,TX,200,0,1,"MARCHANT, Kenny",M001158,1951,,0.601,0.153,-127.07477,0.86468,874,54,,0.504,0.336
109,House,20533,49,28,TX,100,0,1,"CUELLAR, Henry",C001063,1955,,-0.227,0.621,-223.26415,0.77182,862,103,,-0.172,0.719
109,House,20541,49,22,TX,200,2,2,"SEKULA GIBBS, Shelley",S001166,1953,,,,,,,,,0.468,0.196
109,House,29143,49,3,TX,200,0,1,"JOHNSON, Sam",J000174,1930,,0.61,0.277,-108.71388,0.87382,806,47,,0.664,0.337
109,House,29144,49,17,TX,100,0,1,"EDWARDS, Thomas Chester (Chet)",E000063,1951,,-0.226,0.5,-221.63001,0.778,881,110,,-0.2,0.652
109,House,29571,49,25,TX,100,0,1,"DOGGETT, Lloyd Alton, II",D000399,1946,,-0.403,-0.313,-157.13083,0.83476,870,68,,-0.441,-0.156
109,House,29572,49,13,TX,200,0,1,"THORNBERRY, William McClellan (Mac)",T000238,1958,,0.525,0.309,-148.70122,0.84597,889,68,,0.543,0.275
109,House,29573,49,18,TX,100,0,1,"JACKSON LEE, Sheila",J000032,1950,,-0.46,0.129,-187.18773,0.79917,835,80,,-0.491,0.213
109,House,29759,49,32,TX,200,0,1,"SESSIONS, Pete",S000250,1955,,0.585,0.174,-98.68609,0.8834,796,43,,0.64,0.183
109,House,29760,49,8,TX,200,0,1,"BRADY, Kevin Patrick",B000755,1955,,0.524,0.217,-122.43542,0.86644,854,44,,0.503,0.352
109,House,29762,49,12,TX,200,0,1,"GRANGER, Kay",G000377,1943,,0.397,0.24,-130.92311,0.86059,872,44,,0.389,0.09
109,House,29763,49,15,TX,100,0,1,"HINOJOSA, Rubén",H000636,1940,,-0.34,0.235,-214.2292,0.763,791,98,,-0.289,0.488
109,House,29764,49,16,TX,100,0,1,"REYES, Silvestre",R000170,1944,,-0.321,0.304,-175.48399,0.803,799,81,,-0.299,0.506
109,House,29943,49,20,TX,100,0,1,"GONZALEZ, Charles A.",G000544,1945,,-0.347,0.262,-192.29413,0.802,873,87,,-0.309,0.193
109,House,39302,49,23,TX,200,0,1,"BONILLA, Henry",B000617,1954,,0.4,0.136,-134.92771,0.859,886,47,,0.419,0.297
109,House,39304,49,29,TX,100,0,1,"GREEN, Raymond Eugene (Gene)",G000410,1947,,-0.324,0.453,-255.94026,0.74438,867,118,,-0.327,0.583
109,House,39305,49,30,TX,100,0,1,"JOHNSON, Eddie Bernice",J000126,1935,,-0.485,0.204,-158.40297,0.83424,874,65,,-0.494,0.132
109,House,94828,49,4,TX,200,0,1,"HALL, Ralph Moody",H000067,1923,,0.424,0.308,-162.1447,0.832,880,64,,0.401,0.26
109,House,20140,67,2,UT,100,0,1,"MATHESON, James David (Jim)",M001142,1960,,-0.115,0.546,-405.24972,0.634,889,155,,-0.151,0.493
109,House,20357,67,1,UT,200,0,1,"BISHOP, Robert (Rob)",B001250,1951,,0.536,0.101,-142.14941,0.8465,853,60,,0.514,0.239
109,House,29766,67,3,UT,200,0,1,"CANNON, Christopher B.",C000116,1950,,0.596,0.017,-143.71534,0.837,805,62,,0.55,0.019
109,House,29147,6,1,VT,328,0,1,"SANDERS, Bernard",S000033,1941,,-0.527,-0.374,-155.99135,0.83654,874,55,,-0.449,-0.113
109,House,14869,40,10,VA,200,0,1,"WOLF, Frank Rudolph",W000672,1939,,0.284,-0.213,-179.23053,0.816,883,71,,0.3,-0.26
109,House,15010,40,9,VA,100,0,1,"BOUCHER, Frederick C.",B000657,1946,,-0.265,0.189,-238.11263,0.761,873,116,,-0.219,0.177
109,House,20141,40,1,VA,200,0,1,"DAVIS, Jo Ann",D000597,1950,2007.0,0.426,0.173,-230.38427,0.752,807,103,,0.446,-0.04
109,House,20143,40,4,VA,200,0,1,"FORBES, J. Randy",F000445,1952,,0.407,0.218,-137.09873,0.855,878,60,,0.38,0.211
109,House,20144,40,7,VA,200,0,1,"CANTOR, Eric",C001046,1963,,0.518,0.191,-128.61599,0.864,882,63,,0.468,0.178
109,House,20534,40,2,VA,200,0,1,"DRAKE, Thelma D.",D000605,1949,,0.402,0.287,-102.27282,0.892,891,38,,0.375,0.252
109,House,29149,40,8,VA,100,0,1,"MORAN, James P.",M000933,1945,,-0.302,-0.203,-236.20244,0.759,855,101,,-0.338,-0.336
109,House,29576,40,11,VA,200,0,1,"DAVIS, Thomas M., III",D000136,1949,,0.282,-0.404,-182.84384,0.806,849,71,,0.324,-0.422
109,House,39307,40,3,VA,100,0,1,"SCOTT, Robert C.",S000185,1947,,-0.45,0.015,-182.04369,0.8137,883,79,,-0.5,-0.141
109,House,39308,40,6,VA,200,0,1,"GOODLATTE, Robert William",G000289,1952,,0.496,-0.002,-127.06092,0.86751,894,47,,0.434,0.386
109,House,89767,40,5,VA,200,0,1,"GOODE, Virgil H., Jr.",G000280,1946,,0.439,0.633,-219.2675,0.779,879,76,,0.378,0.606
109,House,14413,73,6,WA,100,0,1,"DICKS, Norman DeValois",D000327,1940,,-0.312,0.11,-185.93077,0.809,879,71,,-0.27,-0.175
109,House,15613,73,7,WA,100,0,1,"McDERMOTT, James A.",M000404,1936,,-0.666,-0.197,-118.66188,0.872,866,49,,-0.758,-0.348
109,House,20145,73,2,WA,100,0,1,"LARSEN, Richard Ray (Rick)",L000560,1965,,-0.364,0.189,-179.40182,0.81651,885,78,,-0.347,0.119
109,House,20535,73,5,WA,200,0,1,"McMORRIS RODGERS, Cathy",M001159,1969,,0.425,0.115,-117.3995,0.87363,869,47,,0.442,0.264
109,House,20536,73,8,WA,200,0,1,"REICHERT, David G.",R000578,1950,,0.224,-0.146,-212.78191,0.78457,877,89,,0.227,-0.268
109,House,29580,73,4,WA,200,0,1,"HASTINGS, Richard Norman (Doc)",H000329,1941,,0.416,0.411,-125.63291,0.864,857,47,,0.395,0.186
109,House,29768,73,9,WA,100,0,1,"SMITH, Adam",S000510,1965,,-0.284,-0.161,-204.72179,0.7916,876,86,,-0.277,-0.235
109,House,29937,73,1,WA,100,0,1,"INSLEE, Jay Robert",I000026,1951,,-0.33,-0.194,-169.22587,0.826,886,71,,-0.36,-0.431
109,House,29938,73,3,WA,100,0,1,"BAIRD, Brian",B001229,1956,,-0.342,0.257,-249.48439,0.747,855,108,,-0.384,0.167
109,House,14448,56,3,WV,100,0,1,"RAHALL, Nick Joe, II",R000011,1949,,-0.306,0.45,-279.09849,0.728,880,127,,-0.372,0.585
109,House,15083,56,1,WV,100,0,1,"MOLLOHAN, Alan Bowlby",M000844,1943,,-0.292,0.657,-288.71089,0.714,858,139,,-0.286,0.502
109,House,20146,56,2,WV,200,0,1,"CAPITO, Shelley Moore",C001047,1953,,0.263,0.058,-136.64463,0.85526,874,55,,0.255,-0.03
109,House,12036,25,7,WI,100,0,1,"OBEY, David Ross",O000007,1938,,-0.45,-0.063,-214.93907,0.779,859,87,,-0.475,0.188
109,House,14657,25,5,WI,200,0,1,"SENSENBRENNER, Frank James, Jr.",S000244,1943,,0.638,-0.581,-236.61145,0.76259,873,104,,0.722,-0.653
109,House,14675,25,6,WI,200,0,1,"PETRI, Thomas Evert",P000265,1940,,0.379,-0.367,-318.94042,0.698,888,162,,0.57,-0.638
109,House,20537,25,4,WI,100,0,1,"MOORE, Gwendolynne S. (Gwen)",M001160,1951,,-0.529,-0.249,-136.77792,0.85405,867,68,,-0.483,-0.423
109,House,29769,25,3,WI,100,0,1,"KIND, Ron",K000188,1963,,-0.262,-0.082,-205.97058,0.78962,872,77,,-0.29,0.05
109,House,29939,25,1,WI,200,0,1,"RYAN, Paul D.",R000570,1970,,0.556,-0.25,-180.60485,0.8154,885,82,,0.604,-0.397
109,House,29940,25,2,WI,100,0,1,"BALDWIN, Tammy",B001230,1962,,-0.497,-0.163,-140.03666,0.85486,893,66,,-0.568,-0.208
109,House,29941,25,8,WI,200,0,1,"GREEN, Mark",G000545,1960,,0.456,-0.294,-340.14609,0.674,863,150,,0.433,-0.383
109,House,29584,68,1,WY,200,0,1,"CUBIN, Barbara L.",C000962,1946,,0.501,0.345,-156.89263,0.825,815,63,,0.485,0.303
