Name, State, District, allAverage, partisanAverage, billAverage,procedureAverage,resolutionAverage
CLINTON; William Jefferson (Bill), USA, 0, 0.9888888888888889, 0.9855072463768116, 0.9782608695652174, 1.0, 1.0
CALLAHAN; Herbert Leon (Sonny), AL, 1, 0.9854545454545455, 0.9796747967479674, 0.9927007299270073, 0.9781879194630873, 0.9956521739130435
CRAMER; Robert E. (Bud); Jr., AL, 5, 0.8795180722891566, 0.7222222222222222, 0.8466898954703833, 0.8860759493670886, 0.9037656903765691
EVERETT; Robert Terry, AL, 2, 0.9810640216411182, 0.9922178988326849, 0.9816176470588235, 0.9735099337748344, 1.0
BACHUS; Spencer T.; III, AL, 6, 0.9675723049956179, 0.9660678642714571, 0.9827586206896551, 0.9491803278688524, 0.995850622406639
HILLIARD; Earl Frederick, AL, 7, 0.9711538461538461, 0.9543650793650794, 0.9701492537313433, 0.9782608695652174, 0.9545454545454546
RILEY; Robert, AL, 3, 0.970108695652174, 0.9846449136276392, 0.9782608695652174, 0.9584026622296173, 0.9911894273127754
ADERHOLT; Robert, AL, 4, 0.9622641509433962, 0.9674952198852772, 0.9791666666666666, 0.9438775510204082, 0.9873417721518988
YOUNG; Donald Edwin, AK, 1, 0.9737373737373738, 0.9745762711864406, 0.9770992366412213, 0.9625246548323472, 0.995475113122172
STUMP; Robert Lee, AZ, 3, 0.974716652136007, 1.0, 0.992831541218638, 0.9585326953748007, 0.995850622406639
KOLBE; James Thomas, AZ, 5, 0.9592592592592593, 0.9444444444444444, 0.996268656716418, 0.9279588336192109, 0.9956331877729258
PASTOR; Ed, AZ, 2, 0.9683933274802459, 0.9430740037950665, 0.986159169550173, 0.9689034369885434, 0.9456066945606695
SALMON; Matthew James, AZ, 1, 0.943289224952741, 0.9776876267748479, 0.996268656716418, 0.8966131907308378, 0.9956331877729258
SHADEGG; John B., AZ, 4, 0.9527702089009991, 0.9942084942084942, 0.9925093632958801, 0.9188741721854304, 0.9956521739130435
HAYWORTH; John D.; Jr., AZ, 6, 0.9557291666666666, 0.9904942965779467, 0.9859154929577465, 0.9267515923566879, 0.9958333333333333
DICKEY; Jay W.; Jr., AR, 4, 0.967381174277726, 0.9722772277227723, 0.9888888888888889, 0.9460869565217391, 0.9956140350877193
BERRY; Robert Marion, AR, 1, 0.8944444444444445, 0.7843137254901961, 0.9037800687285223, 0.8734177215189873, 0.9322033898305084
SNYDER; Victor F., AR, 2, 0.9708222811671088, 0.9396378269617707, 0.9584775086505191, 0.9768595041322314, 0.9704641350210971
HUTCHINSON; Asa, AR, 3, 0.9734675205855444, 0.9764705882352941, 0.9928825622775801, 0.9535283993115319, 1.0
BROWN; George Edward; Jr., CA, 42, 1.0, 1.0, 1.0, 1.0, 1.0
STARK; Fortney Hillman (Pete); Jr., CA, 13, 0.9528795811518325, 0.9770833333333333, 0.9782608695652174, 0.9307692307692308, 0.9804878048780488
MILLER; George, CA, 7, 0.9545004945598418, 0.9654510556621881, 0.975, 0.9339285714285714, 0.985781990521327
WAXMAN; Henry Arnold, CA, 29, 0.9698736637512148, 0.984251968503937, 0.9874476987447699, 0.9555555555555556, 0.9902439024390244
DIXON; Julian Carey, CA, 32, 0.976063829787234, 0.9690522243713733, 0.9858657243816255, 0.9675850891410048, 0.9868421052631579
LEWIS; Charles Jeremy (Jerry), CA, 40, 0.9816176470588235, 0.9742489270386266, 0.9929328621908127, 0.9703832752613241, 0.9956709956709957
MATSUI; Robert T., CA, 5, 0.9775086505190311, 0.9771428571428571, 0.9860627177700348, 0.9746434231378764, 0.9747899159663865
THOMAS; William Marshall, CA, 21, 0.9734432234432234, 0.9710743801652892, 0.9964664310954063, 0.9516407599309153, 1.0
DREIER; David Timothy, CA, 28, 0.9768439108061749, 0.9844660194174757, 1.0, 0.9603174603174603, 0.9918367346938776
HUNTER; Duncan Lee, CA, 52, 0.9596050269299821, 0.9725490196078431, 0.9708029197080292, 0.9455445544554455, 0.9829059829059829
LANTOS; Thomas Peter, CA, 12, 0.9831144465290806, 0.9819639278557114, 0.9766536964980544, 0.9830795262267343, 0.9908256880733946
MART�NEZ; Matthew G., CA, 31, 0.8633540372670807, 0.7533512064343163, 0.8789473684210526, 0.8835616438356164, 0.7966101694915254
BERMAN; Howard Lawrence, CA, 26, 0.9773584905660377, 0.9737903225806451, 0.9924242424242424, 0.9708904109589042, 0.9764150943396226
PACKARD; Ronald C., CA, 48, 0.9902912621359223, 0.9980353634577603, 0.9929577464788732, 0.9852941176470589, 1.0
GALLEGLY; Elton W., CA, 23, 0.9725906277630415, 0.9468302658486708, 0.9827586206896551, 0.9568106312292359, 1.0
HERGER; Walter William (Wally), CA, 2, 0.9617437722419929, 0.9942307692307693, 1.0, 0.9319286871961102, 0.9957081545064378
PELOSI; Nancy, CA, 8, 0.9644484958979034, 0.9733333333333334, 0.9772727272727273, 0.9538714991762768, 0.9778761061946902
CAMPBELL; Thomas J., CA, 15, 0.8930899608865711, 0.8413173652694611, 0.9881656804733728, 0.8072289156626506, 1.0
COX; Charles Christopher, CA, 47, 0.9532442748091603, 0.9795501022494888, 0.980544747081712, 0.9237588652482269, 0.9955947136563876
ROHRABACHER; Dana, CA, 45, 0.9397163120567376, 0.9753787878787878, 0.9814126394052045, 0.899513776337115, 0.9958677685950413
CONDIT; Gary Adrian, CA, 18, 0.8894009216589862, 0.7777777777777778, 0.8625429553264605, 0.8906810035842294, 0.9194915254237288
DOOLITTLE; John Taylor, CA, 4, 0.9702434625788999, 0.9961315280464217, 0.9849056603773585, 0.9526916802610114, 1.0
DOOLEY; Calvin M., CA, 20, 0.9316712834718375, 0.8814968814968815, 0.8974358974358975, 0.9448275862068966, 0.9391304347826087
WATERS; Maxine, CA, 35, 0.9728370221327968, 0.9845261121856866, 0.9791666666666666, 0.9646840148698885, 0.9861111111111112
CUNNINGHAM; Randall (Duke), CA, 51, 0.977332170880558, 0.9903288201160542, 0.9964788732394366, 0.9616, 0.9957983193277311
WOOLSEY; Lynn C., CA, 6, 0.9725177304964538, 0.9813780260707635, 0.9889705882352942, 0.9603174603174603, 0.9867256637168141
POMBO; Richard William, CA, 11, 0.966726618705036, 0.9902912621359223, 0.9779411764705882, 0.9503311258278145, 0.9957627118644068
ESHOO; Anna Georges, CA, 14, 0.9446962828649139, 0.9247104247104247, 0.9770114942528736, 0.9377049180327869, 0.9267241379310345
FARR; Sam, CA, 17, 0.9737072743207712, 0.9715370018975332, 0.9893238434163701, 0.9664536741214057, 0.9743589743589743
McKEON; Howard P. (Buck), CA, 25, 0.9842931937172775, 0.994140625, 0.9965156794425087, 0.9741100323624595, 0.995850622406639
BECERRA; Xavier, CA, 30, 0.9731800766283525, 0.971830985915493, 0.9922779922779923, 0.9653979238754326, 0.9710144927536232
ROYBAL-ALLARD; Lucille, CA, 33, 0.9831261101243339, 0.9884615384615385, 0.9925925925925926, 0.975767366720517, 0.9915611814345991
HORN; John Stephen (Steve), CA, 38, 0.9080145719489982, 0.8223684210526315, 0.9752650176678446, 0.8382608695652174, 0.9958333333333333
ROYCE; Edward Randall, CA, 39, 0.9394512771996215, 0.9704724409448819, 0.9874476987447699, 0.897822445561139, 1.0
CALVERT; Ken, CA, 43, 0.9868305531167691, 0.9921414538310412, 0.9964788732394366, 0.9789644012944984, 0.9957805907172996
FILNER; Bob, CA, 50, 0.9786614936954413, 0.9922779922779923, 0.9961538461538462, 0.9670932358318098, 0.9866071428571429
LOFGREN; Zoe, CA, 16, 0.9568552253116012, 0.938034188034188, 0.9766536964980544, 0.9411764705882353, 0.9733333333333334
RADANOVICH; George P., CA, 19, 0.9711711711711711, 0.9922178988326849, 0.9927536231884058, 0.9537190082644628, 0.9912663755458515
BILBRAY; Brian P., CA, 49, 0.9085365853658537, 0.8542141230068337, 0.9884169884169884, 0.8306772908366534, 0.9910313901345291
MILLENDER-McDONALD; Juanita, CA, 37, 0.9902654867256637, 0.9923371647509579, 0.9929078014184397, 0.991869918699187, 0.9828326180257511
TAUSCHER; Ellen O'Kane, CA, 10, 0.947871416159861, 0.9064327485380117, 0.9319727891156463, 0.9528455284552846, 0.9545454545454546
SHERMAN; Brad, CA, 24, 0.9621016365202412, 0.939047619047619, 0.9655172413793104, 0.953968253968254, 0.979253112033195
ROGAN; James E., CA, 27, 0.9610750695088045, 0.9759519038076152, 0.9854545454545455, 0.9328621908127208, 1.0
SANCHEZ; Loretta, CA, 46, 0.9598572702943801, 0.9478764478764479, 0.9395017793594306, 0.957166392092257, 0.9914163090128756
CAPPS; Lois, CA, 22, 0.9497307001795332, 0.9202334630350194, 0.9377289377289377, 0.9481361426256077, 0.96875
BONO; Mary, CA, 44, 0.9608378870673953, 0.950207468879668, 0.9822064056939501, 0.9367521367521368, 0.9956896551724138
LEE; Barbara, CA, 9, 0.9665738161559888, 0.9830508474576272, 0.9848484848484849, 0.9512605042016806, 0.9862385321100917
THOMPSON; Michael, CA, 1, 0.9555757026291931, 0.9280155642023347, 0.9522184300341296, 0.945518453427065, 0.983402489626556
OSE; Doug, CA, 3, 0.9617097061442564, 0.9320987654320988, 0.9965277777777778, 0.9331103678929766, 0.9915611814345991
NAPOLITANO; Grace Flores, CA, 34, 0.9746059544658494, 0.9597701149425287, 0.96875, 0.9792, 0.9694323144104804
KUYKENDALL; Steven T., CA, 36, 0.9550045913682277, 0.9057017543859649, 0.9929078014184397, 0.9175438596491228, 1.0
MILLER; Gary G., CA, 41, 0.9699381078691424, 0.9961612284069098, 0.9925925925925926, 0.9502407704654896, 0.9957983193277311
BACA; Joe, CA, 42, 0.9526411657559198, 0.8973214285714286, 0.9523809523809523, 0.9501915708812261, 0.9583333333333334
MART�NEZ; Matthew G., CA, 31, 0.9918032786885246, 1.0, 1.0, 0.9767441860465116, 1.0
HEFLEY; Joel M., CO, 5, 0.9353281853281853, 0.9643564356435643, 0.9766536964980544, 0.891500904159132, 0.995575221238938
McINNIS; Scott, CO, 3, 0.955736224028907, 0.968503937007874, 0.9962546816479401, 0.9220563847429519, 0.9957805907172996
DeGETTE; Diana, CO, 1, 0.973803071364047, 0.9673076923076923, 0.9779411764705882, 0.9689034369885434, 0.9821428571428571
SCHAFFER; Robert W., CO, 4, 0.9442231075697212, 0.9778672032193159, 0.9796747967479674, 0.9063670411985019, 0.9955357142857143
UDALL; Mark, CO, 2, 0.9585537918871252, 0.9438202247191011, 0.9616724738675958, 0.9477124183006536, 0.9829787234042553
TANCREDO; Thomas G., CO, 6, 0.9351005484460695, 0.973384030418251, 0.9891696750902527, 0.884083044982699, 0.99581589958159
GEJDENSON; Samuel, CT, 2, 0.9778368794326241, 0.9810246679316889, 0.9714285714285714, 0.9738988580750407, 0.9957446808510638
JOHNSON; Nancy Lee, CT, 6, 0.9093484419263456, 0.8270509977827051, 0.988929889298893, 0.8371681415929203, 0.9955156950672646
SHAYS; Christopher H., CT, 4, 0.8787584869059166, 0.8153153153153153, 0.9921568627450981, 0.7738970588235294, 1.0
DeLAURO; Rosa L., CT, 3, 0.9804421768707483, 0.9833024118738405, 0.979381443298969, 0.9782608695652174, 0.9875518672199171
MALONEY; James H., CT, 5, 0.9137010676156584, 0.8414872798434442, 0.8869257950530035, 0.9194078947368421, 0.9313304721030042
LARSON; John B., CT, 1, 0.9692982456140351, 0.9580952380952381, 0.9651567944250871, 0.9710610932475884, 0.9696969696969697
CASTLE; Michael Newbold, DE, 1, 0.9170464904284412, 0.8481561822125814, 0.9893617021276596, 0.8541666666666666, 0.9832635983263598
YOUNG; Charles William (Bill), FL, 10, 0.9776119402985075, 0.959915611814346, 0.9848484848484849, 0.9671848013816926, 0.9956331877729258
McCOLLUM; Ira William; Jr. (Bill), FL, 8, 0.9711884753901561, 0.9642857142857143, 0.9836956521739131, 0.95625, 1.0
SHAW; Eugene Clay; Jr., FL, 22, 0.9655485040797824, 0.9476987447698745, 0.9929328621908127, 0.9401709401709402, 0.9957446808510638
BILIRAKIS; Michael, FL, 9, 0.9729965156794426, 0.9664031620553359, 0.9827586206896551, 0.959349593495935, 0.9958847736625515
GOSS; Porter J., FL, 14, 0.9662337662337662, 0.9786407766990292, 0.9931740614334471, 0.9434571890145396, 0.9917695473251029
STEARNS; Clifford Bundy, FL, 6, 0.9592198581560284, 0.9809160305343512, 0.9854545454545455, 0.9338709677419355, 0.9957081545064378
ROS-LEHTINEN; Ileana, FL, 18, 0.9531835205992509, 0.9341825902335457, 0.9738805970149254, 0.9238938053097345, 1.0
BROWN; Corrine, FL, 3, 0.9658986175115207, 0.9530332681017613, 0.9740740740740741, 0.975, 0.9302325581395349
FOWLER; Tillie Kidd, FL, 4, 0.9685476410730804, 0.9617706237424547, 0.9924242424242424, 0.9452054794520548, 1.0
THURMAN; Karen L., FL, 5, 0.9594594594594594, 0.9252525252525252, 0.9612676056338029, 0.9494097807757167, 0.9828326180257511
MICA; John L., FL, 7, 0.968365553602812, 0.971042471042471, 0.9928825622775801, 0.9454253611556982, 1.0
CANADY; Charles Terrance, FL, 12, 0.9844155844155844, 0.9826589595375722, 0.9863481228668942, 0.9774193548387097, 1.0
MILLER; Daniel, FL, 13, 0.954341987466428, 0.9662698412698413, 0.9927272727272727, 0.9191419141914191, 1.0
MEEK; Carrie P., FL, 17, 0.9701213818860878, 0.9620758483033932, 0.9704797047970479, 0.9740034662045061, 0.9596412556053812
DEUTSCH; Peter R., FL, 20, 0.9575971731448764, 0.9298245614035088, 0.9363957597173145, 0.9539473684210527, 0.991701244813278
DIAZ-BALART; Lincoln, FL, 21, 0.9552102376599635, 0.925531914893617, 0.974910394265233, 0.9313893653516295, 0.9913793103448276
HASTINGS; Alcee Lamar, FL, 23, 0.9754661432777233, 0.9797160243407708, 0.9647058823529412, 0.9763636363636363, 0.985981308411215
WELDON; David Joseph, FL, 15, 0.9668122270742358, 0.9845857418111753, 0.9755244755244755, 0.9498381877022654, 1.0
FOLEY; Mark A., FL, 16, 0.940864960282436, 0.8918918918918919, 0.9898305084745763, 0.893760539629005, 0.9959183673469387
BOYD; F. Allen; Jr., FL, 2, 0.9195612431444241, 0.8171806167400881, 0.8993055555555556, 0.9245614035087719, 0.9322033898305084
DAVIS; Jim, FL, 11, 0.9522968197879859, 0.9044715447154471, 0.9270833333333334, 0.9633333333333334, 0.9549180327868853
WEXLER; Robert, FL, 19, 0.970216606498195, 0.9551656920077972, 0.9602888086642599, 0.9717607973421927, 0.9781659388646288
SCARBOROUGH; Charles Joseph, FL, 1, 0.9263392857142857, 0.9347319347319347, 0.9777777777777777, 0.8809034907597536, 0.9836956521739131
LEWIS; John R., GA, 5, 0.9720670391061452, 0.980806142034549, 0.9850187265917603, 0.9622641509433962, 0.9821428571428571
KINGSTON; Jack, GA, 1, 0.9525547445255474, 0.9784735812133072, 0.9887218045112782, 0.9195979899497487, 0.9957081545064378
BISHOP; Sanford Dixon; Jr., GA, 2, 0.8961748633879781, 0.773109243697479, 0.8819444444444444, 0.9070567986230637, 0.8864628820960698
COLLINS; Michael Allen (Mac), GA, 3, 0.9623318385650225, 0.9885714285714285, 0.978021978021978, 0.9427168576104746, 0.9956709956709957
LINDER; John Elmer, GA, 11, 0.95822454308094, 0.9806949806949807, 0.9965635738831615, 0.9260450160771704, 0.9957627118644068
McKINNEY; Cynthia Ann, GA, 4, 0.9408450704225352, 0.9461538461538461, 0.9523809523809523, 0.9258010118043845, 0.9681818181818181
BARR; Bob, GA, 7, 0.9496738117427772, 0.9801192842942346, 0.9730769230769231, 0.9220338983050848, 0.9955156950672646
CHAMBLISS; Saxby, GA, 8, 0.9851268591426072, 0.9865384615384616, 0.993103448275862, 0.9758064516129032, 1.0
NORWOOD; Charles W.; Jr., GA, 10, 0.9685251798561151, 0.9826923076923076, 0.9782608695652174, 0.9554455445544554, 0.991304347826087
ISAKSON; Johnny, GA, 6, 0.9819494584837545, 0.9735234215885947, 1.0, 0.9663865546218487, 1.0
DEAL; John Nathan, GA, 9, 0.975, 0.9882121807465619, 0.9782608695652174, 0.9656862745098039, 0.9956896551724138
MINK; Patsy Takemoto, HI, 2, 0.9495575221238938, 0.9429657794676806, 0.9532374100719424, 0.9408, 0.9691629955947136
ABERCROMBIE; Neil, HI, 1, 0.9458483754512635, 0.9147286821705426, 0.948339483394834, 0.9449838187702265, 0.9452054794520548
CHENOWETH-HAGE; Helen P., ID, 1, 0.9486581096849475, 0.9795918367346939, 0.9726775956284153, 0.9235537190082644, 0.9894736842105263
SIMPSON; Michael K., ID, 2, 0.9816433566433567, 0.9862475442043221, 0.9965753424657534, 0.967373572593801, 1.0
CRANE; Philip Miller, IL, 8, 0.9508840864440079, 0.9876796714579056, 0.9961832061068703, 0.9092592592592592, 1.0
HYDE; Henry John, IL, 6, 0.9663716814159292, 0.9611451942740287, 0.9790940766550522, 0.9502487562189055, 0.9916666666666667
PORTER; John Edward, IL, 10, 0.8985365853658537, 0.801909307875895, 0.985239852398524, 0.8176691729323309, 0.9864864864864865
EVANS; Lane Allen, IL, 17, 0.9563318777292577, 0.9570093457943926, 0.9750889679715302, 0.9349206349206349, 0.9914529914529915
LIPINSKI; William Oliver, IL, 3, 0.891542288557214, 0.7972972972972973, 0.8830188679245283, 0.8809980806142035, 0.9269406392694064
HASTERT; John Dennis, IL, 14, 0.9715447154471545, 0.9754601226993865, 1.0, 0.9590163934426229, 0.9655172413793104
COSTELLO; Jerry Francis, IL, 12, 0.9039385206532181, 0.8336798336798337, 0.9117647058823529, 0.8789571694599627, 0.9525862068965517
EWING; Thomas W., IL, 15, 0.9683426443202979, 0.976890756302521, 0.996268656716418, 0.9449225473321858, 0.9955555555555555
RUSH; Bobby L., IL, 1, 0.9706477732793523, 0.9878048780487805, 0.9910714285714286, 0.9573712255772646, 0.9850746268656716
GUTI�RREZ; Luis V., IL, 4, 0.9650698602794411, 0.9757575757575757, 0.9795081967213115, 0.9524680073126143, 0.981042654028436
MANZULLO; Donald A., IL, 16, 0.9427549194991055, 0.97678916827853, 1.0, 0.896551724137931, 0.9956896551724138
WELLER; Gerald C. (Jerry), IL, 11, 0.9529085872576177, 0.937246963562753, 0.9896907216494846, 0.9128856624319419, 1.0
LaHOOD; Ray H., IL, 18, 0.9429590017825312, 0.9153225806451613, 0.9928825622775801, 0.9011532125205931, 0.9914529914529915
JACKSON; Jesse L.; Jr., IL, 2, 0.9571810883140054, 0.974025974025974, 0.9738805970149254, 0.9405144694533762, 0.9826839826839827
BLAGOJEVICH; Rod R., IL, 5, 0.938572719060524, 0.9156862745098039, 0.9516728624535316, 0.93042071197411, 0.9454545454545454
DAVIS; Danny K., IL, 7, 0.9696969696969697, 0.9885714285714285, 0.9849056603773585, 0.9585406301824212, 0.9819004524886877
SHIMKUS; John M., IL, 20, 0.9624893435635123, 0.9600760456273765, 0.9898305084745763, 0.9385826771653544, 0.9917695473251029
SCHAKOWSKY; Janice D., IL, 9, 0.9672131147540983, 0.979047619047619, 0.9701492537313433, 0.9573070607553367, 0.9909502262443439
BIGGERT; Judy Borg, IL, 13, 0.9416445623342176, 0.9201680672268907, 0.993127147766323, 0.8941176470588236, 0.9959183673469387
PHELPS; David Dwain, IL, 19, 0.9057639524245197, 0.8075313807531381, 0.9087719298245615, 0.8931698774080561, 0.9324894514767933
BURTON; Danny Lee, IN, 6, 0.9547553093259464, 0.9822485207100592, 0.9777777777777777, 0.9279588336192109, 0.9956521739130435
VISCLOSKY; Peter, IN, 1, 0.9506641366223909, 0.9485148514851485, 0.9628252788104089, 0.9267857142857143, 0.9955555555555555
ROEMER; Timothy John, IN, 3, 0.8923076923076924, 0.778969957081545, 0.8907849829351536, 0.8811188811188811, 0.9208333333333333
BUYER; Stephen Earle, IN, 5, 0.9632690541781451, 0.9799196787148594, 0.9887218045112782, 0.9398998330550918, 0.9955357142857143
McINTOSH; David Martin, IN, 2, 0.9475753604193972, 0.9720101781170484, 0.9936305732484076, 0.915929203539823, 0.9935064935064936
SOUDER; Mark Edward, IN, 4, 0.9681818181818181, 0.9862475442043221, 0.978021978021978, 0.9530988274706867, 0.9956521739130435
HOSTETTLER; John Nathan, IN, 8, 0.9377901578458682, 0.9784313725490196, 0.9795918367346939, 0.8971807628524047, 1.0
PEASE; Edward Allan, IN, 7, 0.9532871972318339, 0.9555984555984556, 0.9965156794425087, 0.9156050955414012, 1.0
CARSON; Julia May, IN, 10, 0.965082444228904, 0.9743589743589743, 0.983739837398374, 0.9569707401032702, 0.9656862745098039
HILL; Baron P., IN, 9, 0.9335130278526504, 0.8662551440329218, 0.9315068493150684, 0.9200680272108843, 0.9699570815450643
LEACH; James Albert Smith, IA, 1, 0.907103825136612, 0.8286334056399133, 0.9896193771626297, 0.8257042253521126, 1.0
NUSSLE; James Allen, IA, 2, 0.9514991181657848, 0.9567779960707269, 0.9965277777777778, 0.9132569558101473, 0.9957446808510638
GANSKE; Greg, IA, 4, 0.9165103189493433, 0.8688888888888889, 0.9813432835820896, 0.8540925266903915, 0.9915254237288136
LATHAM; Thomas, IA, 5, 0.9648814749780509, 0.9745098039215686, 1.0, 0.9358552631578947, 0.99581589958159
BOSWELL; Leonard L., IA, 3, 0.8972727272727272, 0.7923728813559322, 0.8846153846153846, 0.8881118881118881, 0.9338842975206612
TIAHRT; Todd, KS, 4, 0.9605026929982047, 0.9865125240847784, 0.9926739926739927, 0.9344262295081968, 0.9913419913419913
MORAN; Jerry, KS, 1, 0.9590536851683349, 0.9571984435797666, 0.9964788732394366, 0.9270833333333334, 0.9916317991631799
RYUN; Jim, KS, 2, 0.9682819383259912, 0.9981132075471698, 0.9964028776978417, 0.9456, 0.9956896551724138
MOORE; Dennis, KS, 3, 0.9180616740088106, 0.8424124513618677, 0.9103448275862069, 0.9225700164744646, 0.9159663865546218
ROGERS; Harold Dallas (Hal), KY, 5, 0.9859525899912204, 0.9806201550387597, 0.9895470383275261, 0.9787928221859706, 1.0
LEWIS; Ron, KY, 2, 0.9820359281437125, 0.9867172675521821, 0.9965635738831615, 0.970125786163522, 0.9958677685950413
WHITFIELD; Wayne Edward (Ed), KY, 1, 0.974290780141844, 0.9598393574297188, 0.9965870307167235, 0.9549248747913188, 0.9957627118644068
NORTHUP; Anne Meagher, KY, 3, 0.978965819456617, 0.9758551307847082, 0.9965753424657534, 0.9622331691297209, 1.0
LUCAS; Ken, KY, 4, 0.8467220683287165, 0.6292906178489702, 0.842809364548495, 0.8305709023941068, 0.8879668049792531
FLETCHER; Ernest L., KY, 6, 0.9825935596170583, 0.9784735812133072, 1.0, 0.9678456591639871, 1.0
LIVINGSTON; Robert Linlithgow; Jr., LA, 1, 1.0, 1.0, 1.0, 1.0, 1.0
BAKER; Richard Hugh, LA, 6, 0.9846431797651309, 0.9899598393574297, 0.9964285714285714, 0.973109243697479, 1.0
McCRERY; James O.; III, LA, 4, 0.9846570397111913, 0.9859719438877755, 1.0, 0.9712837837837838, 1.0
JEFFERSON; William Jennings, LA, 2, 0.9661190965092402, 0.9464285714285714, 0.9462809917355371, 0.9731285988483686, 0.9715639810426541
COOKSEY; John, LA, 5, 0.9754350051177073, 0.9598108747044918, 0.9919354838709677, 0.9600760456273765, 0.9950738916256158
JOHN; Christopher, LA, 7, 0.8917378917378918, 0.7393364928909952, 0.8692579505300353, 0.8907407407407407, 0.9217391304347826
VITTER; David, LA, 1, 0.9753846153846154, 0.9840909090909091, 0.9919028340080972, 0.9608938547486033, 0.9947643979057592
TAUZIN; Wilbert Joseph (Billy), LA, 3, 0.9866071428571429, 0.99, 1.0, 0.9768211920529801, 0.9957264957264957
BALDACCI; John Elias, ME, 2, 0.9644714038128249, 0.9365384615384615, 0.9554794520547946, 0.9677938808373591, 0.966804979253112
ALLEN; Thomas H., ME, 1, 0.9766031195840554, 0.9754716981132076, 0.9686411149825784, 0.9762658227848101, 0.9872340425531915
HOYER; Steny Hamilton, MD, 5, 0.9718061674008811, 0.958984375, 0.9721254355400697, 0.9707792207792207, 0.9741379310344828
CARDIN; Benjamin Louis, MD, 3, 0.9733447979363714, 0.9541984732824428, 0.9796610169491525, 0.9763406940063092, 0.9572649572649573
MORELLA; Constance A., MD, 8, 0.8686567164179104, 0.6901041666666666, 0.9883268482490273, 0.7601547388781431, 0.9783549783549783
GILCHREST; Wayne Thomas, MD, 1, 0.9412861136999068, 0.8871681415929203, 0.9855072463768116, 0.8980322003577818, 0.9915966386554622
WYNN; Albert Russell, MD, 4, 0.9695852534562212, 0.9508196721311475, 0.9637681159420289, 0.9708904109589042, 0.9733333333333334
BARTLETT; Roscoe Gardner, MD, 6, 0.9518072289156626, 0.9793621013133208, 0.9752650176678446, 0.9251170046801872, 0.9957983193277311
EHRLICH; Robert L.; Jr., MD, 2, 0.9486948694869487, 0.9417670682730924, 0.982078853046595, 0.9158415841584159, 0.995575221238938
CUMMINGS; Elijah Eugene, MD, 7, 0.9851528384279477, 0.990530303030303, 0.9895104895104895, 0.9839228295819936, 0.9831223628691983
MOAKLEY; John Joseph, MA, 9, 0.9625228519195612, 0.9477756286266924, 0.9691119691119691, 0.9556650246305419, 0.9734513274336283
MARKEY; Edward John, MA, 7, 0.9651500484027106, 0.9759036144578314, 0.9808429118773946, 0.9515260323159784, 0.9813953488372092
FRANK; Barney, MA, 4, 0.9493908153701968, 0.9631067961165048, 0.97265625, 0.931740614334471, 0.9688888888888889
NEAL; Richard Edmund, MA, 2, 0.9639126305792972, 0.9481037924151696, 0.95703125, 0.962457337883959, 0.976303317535545
OLVER; John Walter, MA, 1, 0.97214734950584, 0.9813432835820896, 0.9779411764705882, 0.9671052631578947, 0.9785407725321889
MEEHAN; Martin Thomas, MA, 5, 0.9437896645512239, 0.9540229885057471, 0.9851301115241635, 0.9129720853858785, 0.9777777777777777
McGOVERN; James P., MA, 3, 0.974267968056788, 0.9869402985074627, 0.9854545454545455, 0.9627228525121556, 0.9914893617021276
TIERNEY; John F., MA, 6, 0.9555757026291931, 0.9758364312267658, 0.9847328244274809, 0.927652733118971, 1.0
DELAHUNT; Bill, MA, 10, 0.9510357815442562, 0.9666666666666667, 0.968, 0.9280936454849499, 0.9953271028037384
CAPUANO; Michael Everett, MA, 8, 0.9704251386321626, 0.9850187265917603, 0.9840637450199203, 0.9600665557404326, 0.9826086956521739
DINGELL; John David; Jr., MI, 16, 0.9587242026266416, 0.9395161290322581, 0.9739776951672863, 0.9509632224168126, 0.9601769911504425
CONYERS; John; Jr., MI, 14, 0.9624134520276953, 0.9842209072978304, 0.9958333333333333, 0.9399293286219081, 0.9853658536585366
BONIOR; David Edward, MI, 10, 0.9669937555753791, 0.9700374531835206, 0.9607142857142857, 0.965742251223491, 0.9780701754385965
KILDEE; Dale Edward, MI, 9, 0.9501718213058419, 0.9157088122605364, 0.956081081081081, 0.9430379746835443, 0.961864406779661
LEVIN; Sander Martin, MI, 12, 0.9727891156462585, 0.960377358490566, 0.9931972789115646, 0.9625, 0.9752066115702479
UPTON; Frederick Stephen, MI, 6, 0.926251097453907, 0.8877551020408163, 0.9966101694915255, 0.864321608040201, 0.9919028340080972
CAMP; David Lee, MI, 4, 0.9657293497363796, 0.9542743538767395, 0.9965397923875432, 0.9377049180327869, 1.0
STUPAK; Bart T., MI, 1, 0.9199594731509625, 0.881104033970276, 0.928, 0.9050279329608939, 0.95
HOEKSTRA; Peter, MI, 2, 0.9407603890362511, 0.9806576402321083, 0.9894366197183099, 0.8962722852512156, 1.0
EHLERS; Vernon James, MI, 3, 0.9402714932126697, 0.91701244813278, 0.9964664310954063, 0.8879310344827587, 1.0
BARCIA; James A., MI, 5, 0.8690476190476191, 0.7257019438444925, 0.8561643835616438, 0.8536155202821869, 0.9227467811158798
SMITH; Nick H., MI, 7, 0.9523373052245646, 0.9661354581673307, 0.9962121212121212, 0.9168053244592346, 0.995575221238938
KNOLLENBERG; Joseph, MI, 11, 0.9868305531167691, 0.9919678714859438, 0.996551724137931, 0.9801980198019802, 0.9917695473251029
RIVERS; Lynn Nancy, MI, 13, 0.9398023360287511, 0.9309664694280079, 0.9498207885304659, 0.9203980099502488, 0.9783549783549783
STABENOW; Deborah Ann, MI, 8, 0.9341991341991343, 0.8852772466539197, 0.9421768707482994, 0.9171974522292994, 0.9699570815450643
KILPATRICK; Carolyn Cheeks, MI, 15, 0.9796484736355227, 0.9846449136276392, 0.9886792452830189, 0.9781879194630873, 0.9727272727272728
OBERSTAR; James Louis, MN, 8, 0.9507722007722008, 0.9542743538767395, 0.9625468164794008, 0.9317343173431735, 0.9823788546255506
VENTO; Bruce Frank, MN, 4, 0.9592430858806404, 0.982089552238806, 0.9722222222222222, 0.9383033419023136, 1.0
SABO; Martin Olav, MN, 5, 0.9662288930581614, 0.97131931166348, 0.9809885931558935, 0.9559082892416225, 0.9745762711864406
RAMSTAD; James (Jim), MN, 3, 0.8945386064030132, 0.8706365503080082, 0.9964539007092199, 0.7959558823529411, 1.0
PETERSON; Collin Clark, MN, 7, 0.8274111675126904, 0.6935483870967742, 0.8848920863309353, 0.7689075630252101, 0.8787878787878788
MINGE; David R., MN, 2, 0.9227974568574023, 0.8924302788844621, 0.9345454545454546, 0.9042016806722689, 0.9567099567099567
GUTKNECHT; Gilbert W., MN, 1, 0.9472727272727273, 0.9711538461538461, 0.985663082437276, 0.9083191850594228, 1.0
LUTHER; William Paul, MN, 6, 0.9129662522202486, 0.8916827852998066, 0.956989247311828, 0.8643790849673203, 0.9872340425531915
TAYLOR; Gary Eugene (Gene), MS, 5, 0.8012295081967213, 0.6319444444444444, 0.8530465949820788, 0.7377398720682303, 0.868421052631579
THOMPSON; Bennie, MS, 2, 0.9743589743589743, 0.9681274900398407, 0.9706959706959707, 0.9785714285714285, 0.9681818181818181
WICKER; Roger F., MS, 1, 0.9857524487978628, 0.9884615384615385, 0.9929078014184397, 0.9767827529021559, 1.0
PICKERING; Charles W. (Chip); Jr., MS, 3, 0.9791485664639444, 0.9867674858223062, 0.9930313588850174, 0.9696485623003195, 0.9873949579831933
SHOWS; Clifford Ronald, MS, 4, 0.8438978240302744, 0.6514806378132119, 0.8683274021352313, 0.8191881918819188, 0.8717948717948718
CLAY; William Lacy; Sr., MO, 1, 0.9757442116868799, 0.986784140969163, 0.9866666666666667, 0.9651639344262295, 0.9896907216494846
GEPHARDT; Richard Andrew, MO, 3, 0.9734848484848485, 0.9642857142857143, 0.96875, 0.9707401032702238, 0.9863013698630136
SKELTON; Isaac Newton; IV (Ike), MO, 4, 0.8956043956043956, 0.7678571428571429, 0.9047619047619048, 0.8808664259927798, 0.9180327868852459
TALENT; James Matthes, MO, 2, 0.9783631232361242, 0.9696969696969697, 0.9961389961389961, 0.9639794168096055, 0.995475113122172
DANNER; Patsy Ann (Pat), MO, 6, 0.8528464017185822, 0.725925925925926, 0.8582995951417004, 0.8234086242299795, 0.9187817258883249
McCARTHY; Karen, MO, 5, 0.969991173874669, 0.9554263565891473, 0.9822695035460993, 0.9591503267973857, 0.9832635983263598
BLUNT; Roy, MO, 7, 0.9798775153105862, 0.9942857142857143, 1.0, 0.9630818619582665, 1.0
EMERSON; Jo Ann, MO, 8, 0.9721973094170404, 0.9637096774193549, 0.9928825622775801, 0.9549248747913188, 0.9914893617021276
HULSHOF; Kenny, MO, 9, 0.9564007421150278, 0.9512670565302144, 0.9963768115942029, 0.9198606271777003, 1.0
HILL; Rick, MT, 1, 0.9700272479564033, 0.9808795411089866, 0.9893238434163701, 0.9489795918367347, 1.0
BEREUTER; Douglas Kent, NE, 1, 0.9421338155515371, 0.9191489361702128, 0.9929577464788732, 0.8970840480274442, 0.9916317991631799
BARRETT; William E., NE, 3, 0.9727112676056338, 0.98, 0.9930313588850174, 0.957166392092257, 0.987603305785124
TERRY; Lee Raymond, NE, 2, 0.9604810996563574, 0.9846743295019157, 0.996551724137931, 0.930379746835443, 0.9958677685950413
GIBBONS; James A., NV, 2, 0.9563279857397504, 0.9596928982725528, 0.9789473684210527, 0.9296482412060302, 0.9958333333333333
BERKLEY; Shelley, NV, 1, 0.9377162629757786, 0.8891013384321224, 0.9246575342465754, 0.9408945686900958, 0.9453781512605042
BASS; Charles Foster, NH, 2, 0.941747572815534, 0.9251012145748988, 0.993006993006993, 0.8943894389438944, 1.0
SUNUNU; John E., NH, 1, 0.9451327433628318, 0.9806201550387597, 1.0, 0.9006514657980456, 0.9957805907172996
ROUKEMA; Margaret Scafati, NJ, 5, 0.933579335793358, 0.8931623931623932, 0.9890510948905109, 0.8817391304347826, 0.9957446808510638
SMITH; Christopher Henry, NJ, 4, 0.9258589511754068, 0.860813704496788, 0.9753521126760564, 0.8737201365187713, 0.9957627118644068
SAXTON; Hugh James, NJ, 3, 0.956482320942883, 0.9161290322580645, 0.9822064056939501, 0.9269949066213922, 1.0
PALLONE; Frank; Jr., NJ, 6, 0.9563239308462238, 0.953307392996109, 0.9614035087719298, 0.9401709401709402, 0.9912663755458515
PAYNE; Donald Milford, NJ, 10, 0.9672131147540983, 0.9826589595375722, 0.9878048780487805, 0.9559322033898305, 0.9751243781094527
ANDREWS; Robert Ernest, NJ, 1, 0.9502664298401421, 0.9235294117647059, 0.956989247311828, 0.9377049180327869, 0.9746835443037974
FRANKS; Robert Douglas, NJ, 7, 0.9096774193548387, 0.8585131894484412, 0.9872881355932204, 0.8403193612774451, 0.9948186528497409
MENENDEZ; Robert, NJ, 13, 0.9617437722419929, 0.9499036608863198, 0.9640287769784173, 0.9543230016313213, 0.9785407725321889
LoBIONDO; Frank A., NJ, 2, 0.923578751164958, 0.8914405010438413, 0.9757785467128027, 0.8626373626373627, 1.0
FRELINGHUYSEN; Rodney P., NJ, 11, 0.9329044117647058, 0.8677130044843049, 0.9862068965517241, 0.8805704099821747, 0.9915611814345991
PASCRELL; William J.; Jr., NJ, 8, 0.9290909090909091, 0.8919449901768173, 0.9239130434782609, 0.9229480737018425, 0.9515418502202643
ROTHMAN; Steven, NJ, 9, 0.9546263345195729, 0.931640625, 0.9543859649122807, 0.9486754966887417, 0.9702127659574468
HOLT; Rush, NJ, 12, 0.9430823117338003, 0.914018691588785, 0.9375, 0.9368932038834952, 0.9661016949152542
SKEEN; Joseph Richard, NM, 2, 0.9878892733564014, 0.9861660079051383, 0.9931506849315068, 0.982200647249191, 0.9959349593495935
WILSON; Heather, NM, 1, 0.9637809187279152, 0.9310344827586207, 0.9931972789115646, 0.9367720465890182, 0.9957805907172996
UDALL; Thomas (Tom), NM, 3, 0.9622467771639043, 0.9529411764705882, 0.9758620689655172, 0.9436619718309859, 0.9912280701754386
RANGEL; Charles B., NY, 15, 0.9754901960784313, 0.9701492537313433, 0.9846153846153847, 0.9779005524861878, 0.9585253456221198
GILMAN; Benjamin Arthur, NY, 20, 0.9142040038131554, 0.8129496402877698, 0.9696969696969697, 0.8574007220216606, 0.987012987012987
LaFALCE; John Joseph, NY, 29, 0.955736224028907, 0.9246031746031746, 0.9605734767025089, 0.9474576271186441, 0.9705882352941176
ACKERMAN; Gary Leonard, NY, 5, 0.9851485148514851, 0.9859437751004017, 0.9917355371900827, 0.9862068965517241, 0.973404255319149
BOEHLERT; Sherwood Louis, NY, 23, 0.9154275092936803, 0.8032407407407407, 0.9855072463768116, 0.849290780141844, 0.9915254237288136
OWENS; Major Robert Odell, NY, 11, 0.9723046488625123, 0.9880478087649402, 0.9830508474576272, 0.9636048526863085, 0.9848484848484849
TOWNS; Edolphus, NY, 10, 0.9671497584541063, 0.9756592292089249, 0.9759036144578314, 0.9577464788732394, 0.981651376146789
HOUGHTON; Amory; Jr., NY, 31, 0.9383215369059656, 0.8795180722891566, 0.988, 0.8948374760994264, 0.9861111111111112
SLAUGHTER; Louise McIntosh, NY, 28, 0.9717247879359096, 0.9762845849802372, 0.981549815498155, 0.961335676625659, 0.9864253393665159
ENGEL; Eliot Lance, NY, 17, 0.9695817490494296, 0.9612244897959183, 0.9766536964980544, 0.967687074829932, 0.966183574879227
LOWEY; Nita M., NY, 18, 0.9653916211293261, 0.958904109589041, 0.9777777777777777, 0.9560260586319218, 0.9766355140186916
McNULTY; Michael Robert, NY, 21, 0.9454722492697176, 0.921161825726141, 0.948905109489051, 0.9353049907578558, 0.9669811320754716
WALSH; James T., NY, 25, 0.9553734061930783, 0.9120171673819742, 0.9790940766550522, 0.9273356401384083, 0.9957081545064378
SERRANO; Jos� E., NY, 16, 0.9626517273576097, 0.9518072289156626, 0.9768339768339769, 0.9543918918918919, 0.9681818181818181
LAZIO; Enrico A. (Rick), NY, 2, 0.9193548387096774, 0.8692493946731235, 0.9723502304147466, 0.8678500986193294, 0.9902912621359223
KING; Peter T., NY, 3, 0.9529953917050691, 0.9126637554585153, 0.9746376811594203, 0.9273356401384083, 0.9913419913419913
NADLER; Jerrold Lewis, NY, 8, 0.9622467771639043, 0.980806142034549, 0.9764705882352941, 0.9457236842105263, 0.9910313901345291
VEL�ZQUEZ; Nydia M., NY, 12, 0.9686346863468634, 0.9789674952198852, 0.9691119691119691, 0.9632721202003339, 0.9823008849557522
MALONEY; Carolyn Bosher, NY, 14, 0.9609582963620231, 0.9551656920077972, 0.967391304347826, 0.9529983792544571, 0.9743589743589743
HINCHEY; Maurice Dunlea, NY, 26, 0.9717514124293786, 0.9788867562380038, 0.9922178988326849, 0.9618717504332756, 0.9736842105263158
QUINN; John Francis (Jack), NY, 30, 0.9475190839694656, 0.8912037037037037, 0.9817518248175182, 0.9115523465703971, 0.9954545454545455
FORBES; Michael Patrick, NY, 1, 0.9063670411985019, 0.8032786885245902, 0.9814814814814815, 0.8552631578947368, 0.9672131147540983
KELLY; Sue W., NY, 19, 0.9051878354203936, 0.8394004282655246, 0.9828178694158075, 0.8333333333333334, 0.9874476987447699
McCARTHY; Carolyn, NY, 4, 0.9461606354810238, 0.8980392156862745, 0.9110320284697508, 0.9546925566343042, 0.9658119658119658
FOSSELLA; Vito John, NY, 13, 0.9538319482917821, 0.9570552147239264, 0.996415770609319, 0.9156626506024096, 1.0
MEEKS; Gregory W., NY, 6, 0.9771210676835081, 0.9783464566929134, 0.9840637450199203, 0.9743589743589743, 0.9765258215962441
CROWLEY; Joseph, NY, 7, 0.9655172413793104, 0.9466403162055336, 0.9605734767025089, 0.9630252100840336, 0.9780701754385965
WEINER; Anthony D., NY, 9, 0.9689213893967094, 0.9673076923076923, 0.9732824427480916, 0.9619205298013245, 0.9824561403508771
SWEENEY; John E., NY, 22, 0.9560336763330215, 0.9475806451612904, 0.9814126394052045, 0.9264448336252189, 1.0
REYNOLDS; Thomas M., NY, 27, 0.9780893952673094, 0.974155069582505, 0.9965397923875432, 0.9609756097560975, 1.0
McHUGH; John Michael, NY, 24, 0.9531388152077808, 0.9256198347107438, 0.9831081081081081, 0.9220563847429519, 0.9956896551724138
FORBES; Michael Patrick, NY, 1, 0.9013513513513514, 0.805111821086262, 0.8774509803921569, 0.9129287598944591, 0.9044585987261147
COBLE; Howard, NC, 6, 0.9553903345724907, 0.9778225806451613, 0.9773584905660377, 0.927461139896373, 1.0
BALLENGER; Cass, NC, 10, 0.9764397905759162, 0.9903660886319846, 0.9965397923875432, 0.9594813614262561, 0.9958333333333333
PRICE; David Eugene, NC, 4, 0.9594477998274374, 0.9180952380952381, 0.9419795221843004, 0.958664546899841, 0.9831223628691983
TAYLOR; Charles Hart, NC, 11, 0.9696682464454977, 0.9882352941176471, 0.9765625, 0.9568965517241379, 0.9954337899543378
CLAYTON; Eva M., NC, 1, 0.9777183600713012, 0.9632495164410058, 0.978494623655914, 0.978688524590164, 0.9742489270386266
WATT; Melvin L., NC, 12, 0.9746376811594203, 0.974903474903475, 0.9818840579710145, 0.96843853820598, 0.9823008849557522
JONES; Walter Beaman; Jr., NC, 3, 0.9504504504504504, 0.9593023255813954, 0.9743589743589743, 0.9225700164744646, 0.9956521739130435
BURR; Richard M., NC, 5, 0.983005366726297, 0.9900596421471173, 0.9930795847750865, 0.9728813559322034, 0.99581589958159
MYRICK; Sue, NC, 9, 0.946277097078228, 0.9649484536082474, 1.0, 0.9041095890410958, 0.9953917050691244
ETHERIDGE; Bobby R., NC, 2, 0.9378283712784589, 0.8698224852071006, 0.8979591836734694, 0.942339373970346, 0.975103734439834
McINTYRE; Mike, NC, 7, 0.8629107981220657, 0.6990950226244343, 0.8541666666666666, 0.8532110091743119, 0.896551724137931
HAYES; Robert (Robin), NC, 8, 0.9763572679509632, 0.9843444227005871, 0.9826388888888888, 0.9675324675324676, 0.9915966386554622
POMEROY; Earl Ralph; III, ND, 1, 0.9372759856630825, 0.9, 0.9372822299651568, 0.9258010118043845, 0.9661016949152542
REGULA; Ralph Straus, OH, 16, 0.9649737302977233, 0.9451219512195121, 0.9828767123287672, 0.9438943894389439, 0.9959016393442623
HALL; Tony Patrick, OH, 3, 0.9225922592259226, 0.8559670781893004, 0.9187279151943463, 0.9166666666666666, 0.9416666666666667
OXLEY; Michael Garver, OH, 4, 0.9739049394221808, 0.9874213836477987, 0.9927272727272727, 0.9585492227979274, 0.9908675799086758
KAPTUR; Marcia Carolyn (Marcy), OH, 9, 0.9401473296500921, 0.924, 0.9296296296296296, 0.9249146757679181, 0.991304347826087
KASICH; John Richard, OH, 12, 0.9464646464646465, 0.9681528662420382, 0.9759036144578314, 0.9097888675623801, 1.0
TRAFICANT; James A.; Jr., OH, 17, 0.764265668849392, 0.43675417661097854, 0.8243243243243243, 0.7857142857142857, 0.6431535269709544
SAWYER; Thomas Charles, OH, 14, 0.9753820033955858, 0.9718574108818011, 0.9864864864864865, 0.968798751950078, 0.979253112033195
GILLMOR; Paul Eugene, OH, 5, 0.97632058287796, 0.9675456389452333, 0.9818181818181818, 0.9642248722316865, 1.0
HOBSON; David Lee, OH, 7, 0.9623137598597721, 0.9538152610441767, 0.9860627177700348, 0.9379084967320261, 0.9958677685950413
BOEHNER; John Andrew, OH, 8, 0.9692442882249561, 0.9901574803149606, 0.9964285714285714, 0.9464285714285714, 0.9958677685950413
PORTMAN; Robert Jones (Rob), OH, 2, 0.9563318777292577, 0.9665354330708661, 1.0, 0.9210950080515298, 0.9958677685950413
BROWN; Sherrod, OH, 13, 0.958930276981853, 0.9727095516569201, 0.9715447154471545, 0.9402730375426621, 0.9953488372093023
PRYCE; Deborah D., OH, 15, 0.9502868068833652, 0.9411764705882353, 0.9925093632958801, 0.9102333931777379, 1.0
CHABOT; Steve, OH, 1, 0.9241622574955908, 0.9561068702290076, 0.9892086330935251, 0.8664495114006515, 0.9958677685950413
NEY; Robert William, OH, 18, 0.9620811287477954, 0.9498997995991983, 0.9787985865724381, 0.9395424836601307, 1.0
LaTOURETTE; Steven C., OH, 19, 0.9477543538038496, 0.9110169491525424, 0.9858657243816255, 0.9103690685413005, 0.9916317991631799
STRICKLAND; Ted, OH, 6, 0.9357208448117539, 0.9012096774193549, 0.9275862068965517, 0.9201388888888888, 0.9865470852017937
KUCINICH; Dennis, OH, 10, 0.9323017408123792, 0.9155206286836935, 0.9492753623188406, 0.9104477611940298, 0.963963963963964
JONES; Stephanie Tubbs, OH, 11, 0.9767441860465116, 0.988, 0.9841897233201581, 0.9719298245614035, 0.9808612440191388
ISTOOK; Ernest James; Jr., OK, 5, 0.9669642857142857, 0.9803149606299213, 0.9963898916967509, 0.9428104575163399, 0.9956709956709957
LUCAS; Frank D., OK, 6, 0.9891107078039928, 0.9920634920634921, 1.0, 0.9798994974874372, 1.0
LARGENT; Steve, OK, 1, 0.9420849420849421, 0.9775967413441955, 0.9921259842519685, 0.8992932862190812, 0.9953703703703703
COBURN; Thomas Allen, OK, 2, 0.9270833333333334, 0.9705882352941176, 0.9660194174757282, 0.8926654740608229, 0.9846153846153847
WATTS; Julius Caesar; Jr. (J. C.), OK, 4, 0.9797979797979798, 0.9840954274353877, 1.0, 0.9627749576988156, 1.0
WATKINS; Wesley Wade, OK, 3, 0.9808743169398907, 0.9881889763779528, 1.0, 0.967266775777414, 0.995475113122172
DeFAZIO; Peter Anthony, OR, 4, 0.929070929070929, 0.9223300970873787, 0.9462809917355371, 0.9023941068139963, 0.9768518518518519
BLUMENAUER; Earl, OR, 3, 0.9540954095409541, 0.9476744186046512, 0.9638989169675091, 0.946843853820598, 0.9612068965517241
HOOLEY; Darlene, OR, 5, 0.950316169828365, 0.9065606361829026, 0.9187279151943463, 0.9560067681895094, 0.9742489270386266
WU; David, OR, 1, 0.9277777777777778, 0.899803536345776, 0.9169675090252708, 0.9120689655172414, 0.9820627802690582
WALDEN; Greg, OR, 2, 0.9749784296807593, 0.9769230769230769, 0.993127147766323, 0.9568, 1.0
SHUSTER; E. G. (Bud), PA, 9, 0.9694364851957975, 0.9761388286334056, 0.988929889298893, 0.947935368043088, 1.0
MURTHA; John Patrick; Jr., PA, 12, 0.9158790170132325, 0.8153153153153153, 0.9314079422382672, 0.9120879120879121, 0.9063829787234042
GOODLING; William Franklin, PA, 19, 0.9546279491833031, 0.9660678642714571, 0.974910394265233, 0.927487352445194, 1.0
COYNE; William Joseph, PA, 14, 0.9788172992056487, 0.9906716417910447, 0.985663082437276, 0.9758064516129032, 0.9786324786324786
BORSKI; Robert Anthony; Jr., PA, 3, 0.9613935969868174, 0.935871743486974, 0.9605734767025089, 0.9602169981916817, 0.9652173913043478
GEKAS; George William, PA, 17, 0.9752431476569408, 0.9779559118236473, 0.9965397923875432, 0.9589490968801314, 0.9914163090128756
KANJORSKI; Paul E., PA, 11, 0.9488789237668162, 0.9006085192697769, 0.9587628865979382, 0.9442567567567568, 0.9482758620689655
WELDON; Wayne Curtis (Curt), PA, 7, 0.9534450651769087, 0.9224137931034483, 0.9782608695652174, 0.924956369982548, 0.9955555555555555
KLINK; Ronald, PA, 4, 0.9459148446490219, 0.9038461538461539, 0.9375, 0.9388185654008439, 0.9732620320855615
HOLDEN; Thomas Timothy (Tim), PA, 6, 0.9074410163339383, 0.8129032258064516, 0.9134948096885813, 0.8914185639229422, 0.9380165289256198
GREENWOOD; James Charles, PA, 8, 0.9220272904483431, 0.8463356973995272, 0.9812734082397003, 0.8621973929236499, 0.9954954954954955
FATTAH; Chaka, PA, 2, 0.9760765550239234, 0.9844660194174757, 0.9961089494163424, 0.9649122807017544, 0.981651376146789
DOYLE; Michael F., PA, 18, 0.9210992907801419, 0.8433734939759037, 0.8958333333333334, 0.9232053422370617, 0.946058091286307
MASCARA; Frank R., PA, 20, 0.9267857142857143, 0.8445807770961146, 0.9243986254295533, 0.9180602006688964, 0.9523809523809523
ENGLISH; Philip Sheridan, PA, 21, 0.9483082706766918, 0.9251559251559252, 0.9861111111111112, 0.9060773480662984, 1.0
PETERSON; John, PA, 5, 0.9802955665024631, 0.9799107142857143, 0.9961685823754789, 0.9646182495344506, 1.0
PITTS; Joseph R., PA, 16, 0.9693788276465442, 0.9962121212121212, 0.9929824561403509, 0.9484702093397746, 0.9957805907172996
BRADY; Robert A., PA, 1, 0.9731481481481481, 0.974757281553398, 0.977859778597786, 0.9708404802744426, 0.9734513274336283
SHERWOOD; Don, PA, 10, 0.9611307420494699, 0.9396378269617707, 0.9896907216494846, 0.9336650082918739, 0.9957983193277311
HOEFFEL; Joseph M., PA, 13, 0.9693617021276596, 0.9431818181818182, 0.976271186440678, 0.9703125, 0.9583333333333334
TOOMEY; Patrick Joseph, PA, 15, 0.9477947794779478, 0.9761431411530815, 0.9962825278810409, 0.9071310116086235, 0.99581589958159
KENNEDY; Patrick Joseph, RI, 1, 0.9796672828096118, 0.9861660079051383, 0.9660377358490566, 0.9814814814814815, 0.9910313901345291
WEYGAND; Robert A., RI, 2, 0.9529953917050691, 0.9173387096774194, 0.9288389513108615, 0.9563758389261745, 0.972972972972973
SPENCE; Floyd Davidson, SC, 2, 0.972072072072072, 0.9822485207100592, 0.9818840579710145, 0.9585406301824212, 0.9956709956709957
SPRATT; John McKee; Jr., SC, 5, 0.9319852941176471, 0.8709016393442623, 0.9124087591240876, 0.9290540540540541, 0.963963963963964
SANFORD; Mark, SC, 1, 0.9150052465897167, 0.9585062240663901, 0.978021978021978, 0.86, 1.0
GRAHAM; Lindsey O., SC, 3, 0.9585253456221198, 0.9780876494023905, 0.9737827715355806, 0.9371816638370118, 0.9956331877729258
DeMINT; James W., SC, 4, 0.9508489722966935, 0.9942748091603053, 1.0, 0.9107438016528926, 0.9957627118644068
CLYBURN; James Enos, SC, 6, 0.9684115523465704, 0.9615384615384616, 0.9686411149825784, 0.9694915254237289, 0.9653679653679653
THUNE; John, SD, 1, 0.9664082687338501, 0.9652509652509652, 0.9932432432432432, 0.9439102564102564, 0.991701244813278
GORDON; Barton Jennings, TN, 6, 0.9024839006439742, 0.7931034482758621, 0.8706293706293706, 0.9035087719298246, 0.9393939393939394
CLEMENT; Robert Nelson, TN, 5, 0.9198919891989199, 0.826722338204593, 0.8865979381443299, 0.9264957264957265, 0.9446808510638298
DUNCAN; John J.; Jr., TN, 2, 0.9134355275022543, 0.9241245136186771, 0.9655172413793104, 0.8590163934426229, 0.9957983193277311
TANNER; John S., TN, 8, 0.9111111111111111, 0.8078602620087336, 0.8934707903780069, 0.9056261343012704, 0.9453781512605042
WAMP; Zachary Paul, TN, 3, 0.9485815602836879, 0.9627450980392157, 0.967391304347826, 0.9214402618657938, 0.995850622406639
HILLEARY; Van, TN, 4, 0.943778801843318, 0.9707602339181286, 0.9742647058823529, 0.9086206896551724, 0.9957081545064378
BRYANT; Ed, TN, 7, 0.9717707442258341, 0.9813432835820896, 0.9861111111111112, 0.9578783151326054, 0.9916666666666667
JENKINS; William Lewis, TN, 1, 0.9723214285714286, 0.9722222222222222, 0.982078853046595, 0.9575163398692811, 1.0
FORD; Harold; Jr., TN, 9, 0.9559633027522936, 0.9315068493150684, 0.9522058823529411, 0.9592529711375212, 0.9519650655021834
ARCHER; William Reynolds; Jr., TX, 7, 0.9691588785046729, 0.998003992015968, 1.0, 0.9432013769363167, 1.0
PAUL; Ronald Ernest, TX, 14, 0.8792270531400966, 0.9144736842105263, 0.9752066115702479, 0.813953488372093, 0.9947643979057592
FROST; Jonas Martin, TX, 24, 0.9665158371040724, 0.9263803680981595, 0.9438596491228071, 0.9781512605042016, 0.9644444444444444
STENHOLM; Charles Walter, TX, 17, 0.8631984585741811, 0.6885245901639344, 0.8954703832752613, 0.834307992202729, 0.8865546218487395
HALL; Ralph Moody, TX, 4, 0.7550626808100289, 0.43703703703703706, 0.8275862068965517, 0.7061143984220908, 0.7708333333333334
ORTIZ; Solomon P., TX, 27, 0.9251141552511416, 0.8312236286919831, 0.9340277777777778, 0.9185441941074524, 0.9304347826086956
BARTON; Joe Linus, TX, 6, 0.9568627450980393, 0.9813278008298755, 0.983739837398374, 0.9330922242314648, 0.9864253393665159
COMBEST; Larry Ed, TX, 19, 0.9763157894736842, 0.9922779922779923, 0.9964912280701754, 0.9577922077922078, 1.0
DeLAY; Thomas Dale, TX, 22, 0.972072072072072, 0.9980842911877394, 0.996268656716418, 0.9509803921568627, 1.0
ARMEY; Richard Keith, TX, 26, 0.9696969696969697, 0.9962756052141527, 1.0, 0.9447077409162717, 1.0
SMITH; Lamar Seeligson, TX, 21, 0.9852941176470589, 0.9961904761904762, 0.9896907216494846, 0.9793650793650793, 0.9957446808510638
JOHNSON; Sam, TX, 3, 0.9625912408759124, 0.9980988593155894, 0.9924242424242424, 0.9365609348914858, 0.9957081545064378
EDWARDS; Thomas Chester (Chet), TX, 11, 0.9502712477396021, 0.9004065040650406, 0.9545454545454546, 0.9407783417935702, 0.9694323144104804
DOGGETT; Lloyd Alton; II, TX, 10, 0.950354609929078, 0.94106463878327, 0.982078853046595, 0.9215686274509803, 0.9873417721518988
THORNBERRY; William McClellan (Mac), TX, 13, 0.9799651567944251, 0.9923518164435946, 0.9893992932862191, 0.967948717948718, 1.0
JACKSON LEE; Sheila, TX, 18, 0.9758812615955473, 0.96579476861167, 0.9637681159420289, 0.9796610169491525, 0.9811320754716981
BENTSEN; Kenneth E.; Jr., TX, 25, 0.9623797025371829, 0.9223107569721115, 0.9523809523809523, 0.9638157894736842, 0.970954356846473
SANDLIN; Max A., TX, 1, 0.9223907225691347, 0.8292181069958847, 0.9010238907849829, 0.9284497444633731, 0.9336099585062241
TURNER; Jim, TX, 2, 0.9068493150684932, 0.7944325481798715, 0.8951048951048951, 0.9076655052264808, 0.9191489361702128
SESSIONS; Pete, TX, 5, 0.9604221635883905, 0.9869402985074627, 0.9963503649635036, 0.9317460317460318, 0.9957081545064378
BRADY; Kevin Patrick, TX, 8, 0.9723214285714286, 0.9883040935672515, 0.992831541218638, 0.9541734860883797, 0.9956521739130435
LAMPSON; Nicholas V., TX, 9, 0.9501748251748252, 0.8962818003913894, 0.9273356401384083, 0.9561688311688312, 0.9623430962343096
GRANGER; Kay, TX, 12, 0.977818853974122, 0.979757085020243, 0.9961977186311787, 0.9630872483221476, 0.9955156950672646
HINOJOSA; Rub�n, TX, 15, 0.9757462686567164, 0.9494736842105264, 0.9565217391304348, 0.9808695652173913, 0.9864253393665159
REYES; Silvestre, TX, 16, 0.9610750695088045, 0.9149377593360996, 0.9571428571428572, 0.9634146341463414, 0.96
RODRIGUEZ; Ciro D., TX, 28, 0.9786096256684492, 0.9573643410852714, 0.9855595667870036, 0.9741935483870968, 0.9822222222222222
GONZALEZ; Charles A., TX, 20, 0.9853700516351118, 0.9735849056603774, 0.9758620689655172, 0.990506329113924, 0.9833333333333333
BONILLA; Henry, TX, 23, 0.9774774774774775, 0.9899799599198397, 0.9891696750902527, 0.9633943427620633, 1.0
GREEN; Raymond Eugene (Gene), TX, 29, 0.9253456221198156, 0.8625, 0.9335664335664335, 0.9129662522202486, 0.9449152542372882
JOHNSON; Eddie Bernice, TX, 30, 0.9758281110116384, 0.9689922480620154, 0.9782608695652174, 0.975328947368421, 0.9742489270386266
HANSEN; James Vear, UT, 1, 0.9816849816849816, 0.9822485207100592, 0.988929889298893, 0.9732888146911519, 0.9954954954954955
COOK; Merrill, UT, 2, 0.9525316455696202, 0.9537037037037037, 0.9690265486725663, 0.9266409266409267, 1.0
CANNON; Christopher B., UT, 3, 0.96, 0.9885931558935361, 0.9889705882352942, 0.9341894060995185, 0.9956521739130435
SANDERS; Bernard, VT, 1, 0.6974358974358974, 0.08181818181818182, 0.9504950495049505, 0.5310492505353319, 0.9369369369369369
BLILEY; Thomas Jerome; Jr., VA, 7, 0.9775583482944344, 0.9859437751004017, 0.9928571428571429, 0.9650582362728786, 0.9914163090128756
WOLF; Frank Rudolph, VA, 10, 0.962280701754386, 0.9369918699186992, 0.9761092150170648, 0.9438943894389439, 0.991701244813278
BATEMAN; Herbert Harvell, VA, 1, 0.9830866807610994, 0.9841269841269841, 0.9862385321100917, 0.9754253308128544, 1.0
BOUCHER; Frederick C., VA, 9, 0.9270346117867165, 0.8489361702127659, 0.9424460431654677, 0.9238938053097345, 0.915929203539823
SISISKY; Norman, VA, 4, 0.8805834092980857, 0.7369565217391304, 0.8611111111111112, 0.8949211908931699, 0.8697478991596639
PICKETT; Owen Bradford, VA, 2, 0.9043743641912513, 0.7893518518518519, 0.9021739130434783, 0.9070247933884298, 0.9013452914798207
MORAN; James P., VA, 8, 0.926829268292683, 0.866, 0.9074733096085409, 0.9341216216216216, 0.9316239316239316
DAVIS; Thomas M.; III, VA, 11, 0.9480752014324082, 0.9154639175257732, 0.986159169550173, 0.9135593220338983, 0.9873949579831933
GOODE; Virgil H.; Jr., VA, 5, 0.6776180698151951, 0.3125, 0.7982456140350878, 0.6342412451361867, 0.6551724137931034
SCOTT; Robert C., VA, 3, 0.9766397124887691, 0.96875, 0.9821428571428571, 0.9802306425041186, 0.9601769911504425
GOODLATTE; Robert William, VA, 6, 0.9651871192341166, 0.9922928709055877, 1.0, 0.9387096774193548, 0.9917355371900827
GOODE; Virgil H.; Jr., VA, 5, 0.9647266313932981, 0.9878048780487805, 0.9822485207100592, 0.9434628975265018, 0.991304347826087
DICKS; Norman DeValois, WA, 6, 0.9647577092511013, 0.9311023622047244, 0.9586206896551724, 0.9706362153344209, 0.9568965517241379
McDERMOTT; James A., WA, 7, 0.9643628509719222, 0.9865168539325843, 0.983739837398374, 0.9414225941422594, 0.995049504950495
METCALF; Jack, WA, 2, 0.9418931583880038, 0.937625754527163, 0.9723320158102767, 0.9092436974789916, 0.9954337899543378
HASTINGS; Richard Norman (Doc), WA, 4, 0.9810671256454389, 0.9981132075471698, 0.9965397923875432, 0.9666666666666667, 1.0
NETHERCUTT; George R.; Jr., WA, 5, 0.9742222222222222, 0.9780876494023905, 0.996415770609319, 0.954248366013072, 1.0
SMITH; Adam, WA, 9, 0.9246376811594202, 0.8616071428571429, 0.9260700389105059, 0.9105839416058394, 0.9565217391304348
INSLEE; Jay Robert, WA, 1, 0.9326424870466321, 0.8819047619047619, 0.9381443298969072, 0.919175911251981, 0.961864406779661
BAIRD; Brian, WA, 3, 0.9562043795620438, 0.9289827255278311, 0.9386281588447654, 0.958974358974359, 0.9700854700854701
DUNN; Jennifer Blackburn, WA, 8, 0.9654859218891917, 0.958, 0.9963898916967509, 0.9401993355481728, 0.9954954954954955
RAHALL; Nick Joe; II, WV, 3, 0.9262966333030027, 0.8609958506224067, 0.9335664335664335, 0.9172413793103448, 0.9399141630901288
WISE; Robert Ellsworth; Jr., WV, 2, 0.9180509413067552, 0.8459770114942529, 0.8995215311004785, 0.9250493096646942, 0.9197860962566845
MOLLOHAN; Alan Bowlby, WV, 1, 0.9126903553299492, 0.8114558472553699, 0.9204545454545454, 0.912109375, 0.9043062200956937
OBEY; David Ross, WI, 7, 0.9406392694063926, 0.9344894026974951, 0.9704797047970479, 0.9206611570247933, 0.958904109589041
SENSENBRENNER; Frank James; Jr., WI, 9, 0.9212233549582948, 0.9611650485436893, 0.9878542510121457, 0.8621848739495799, 1.0
PETRI; Thomas Evert, WI, 6, 0.9330985915492958, 0.9411764705882353, 0.993006993006993, 0.8790849673202614, 1.0
KLECZKA; Gerald Daniel, WI, 4, 0.9418502202643172, 0.9210019267822736, 0.9581881533101045, 0.926829268292683, 0.9613733905579399
KIND; Ron, WI, 3, 0.9236912156166814, 0.9, 0.9434628975265018, 0.9044481054365733, 0.9493670886075949
RYAN; Paul D., WI, 1, 0.9376623376623376, 0.9564393939393939, 0.9964788732394366, 0.8876582278481012, 1.0
BALDWIN; Tammy, WI, 2, 0.9603603603603603, 0.9768339768339769, 0.9818181818181818, 0.9388429752066115, 0.991304347826087
GREEN; Mark, WI, 8, 0.9525483304042179, 0.970703125, 0.993127147766323, 0.9150326797385621, 1.0
BARRETT; Thomas M., WI, 5, 0.9435127978817299, 0.9531835205992509, 0.9739776951672863, 0.9126984126984127, 0.9914529914529915
CUBIN; Barbara L., WY, 1, 0.970856102003643, 0.9845261121856866, 0.996078431372549, 0.9512987012987013, 0.9955947136563876
